Product ID,Code,Product Name,Image URL,Created Date,CHR File Name,DP URL,Brand,DP Categories,Sub-Folders,Notes,Description,Attributes,Sales Rep,Dealer,Unit of Measure,Budgeted Cost,Actual Cost,Qty,Nested Products
14056889,*CL-1,INTELLECT WAVE,https://content.designerpages.com/assets/82412733/Wavechaircant15.jpg,2024-06-14 14:37:39 UTC,,http://designerpages.com/manufacturers/ki,KI,CHAIR - LEARNING,,,Cantilever chair with polypropylene seat and back with chrome base.,"Model #: IWC18CHPEVNG|DIMENSIONS: |Overall Width: 20 3/8""|Overall Depth: 20 1/2""|Overall Height: 32 1/4""|Seat Height: 18 1/8""|FEATURES: |Seat & Back: Molded Polypropylene|Base: Cantilever Base",,,,,,850,Everglade Shade - KI|Chrome - KI
13711420,*DSK-1,TEXT,https://content.designerpages.com/assets/80625882/textdesk.png,2024-06-14 15:08:00 UTC,,http://designerpages.com/manufacturers/virco-2,Virco,DESK - STUDENT,,,Height-adjustable desk with hard plastic top and T-base legs.,"Model #: DESK-TD2128YADJM-GRY91-GRY02|DIMENSIONS: |Width: 28""|Depth: 21 3/8""|Height: 26"" - 34""|FEATURES: |Top: Hard plastic top|Frame: Metal",,,,,,850,Grey Nebula - Virco|Silver Mist - Virco
14054179,CA-1,TENOR,https://content.designerpages.com/assets/82412609/SteelcaseTenorchair.jpg,2025-12-09 18:39:42 UTC,,http://designerpages.com/manufacturers/steelcase,Steelcase,CHAIR - ACTIVITY,,,"Plastic chair with bag hook, foot bar, and on casters.","Model #: SLCFH|DIMENSIONS: |Width: 17.625""|Depth: 21.75""|Overall Height: 32"" |Seat Height: 18""|FEATURES: |Seat & Back: Plastic seat & back. |Legs: Steel frame on casters for hard flooring.
",,,,,,72,Honey - Steelcase|Sterling Metallic - Steelcase
13890772,CA-2,EPIX,https://content.designerpages.com/assets/82410620/KeilhauerEpixplasticshellwith4legbasenoarms.png,2025-12-09 18:39:43 UTC,,http://designerpages.com/manufacturers/keilhauer,Keilhauer,CHAIR - ACTIVITY,,,Plastic shell side chair with 4-leg steel base and no arms.,"Model #: 76200-PC05|DIMENSIONS: |Width: 20""|Depth: 21.5""|Overall Height: 32"" |Seat Height: 18""|FEATURES: |Seat & Back: Plastic shell. |Legs: 4-leg steel base. 
Include glides for hard floor. ",,,,,,52,Teal - Keilhauer|Shale - Keilhauer
13890772,CA-3,EPIX,https://content.designerpages.com/assets/82410633/KeilhauerEpixformedfeltshellwith4legbasenoarms.png,2025-12-09 18:39:44 UTC,,http://designerpages.com/manufacturers/keilhauer,Keilhauer,CHAIR - ACTIVITY,,,"Side chair with a formed felt shell, no arms, and 4-leg steel base.","Model #: 76210-PC01|DIMENSIONS: |Width: 20""|Depth: 21.5""|Height: 32"" |Seat Height: 18""|FEATURES: |Seat & Back: Formed felt shell.|Legs: 4-leg steel base.
Include glides for hard floor.",,,,,,72,Silver - Keilhauer|Onyx - Keilhauer
13890772,CA-4,EPIX,https://content.designerpages.com/assets/82410634/KeilhauerEpixformedfeltshellwith4legbasewitharms.png,2025-12-09 18:39:45 UTC,,http://designerpages.com/manufacturers/keilhauer,Keilhauer,CHAIR - ACTIVITY,,,"Side chair with a formed felt shell, arms and 4-leg steel base","Model #: 76240-PC01|DIMENSIONS: |Width: 22.25""|Depth: 21.5""|Overall Height: 32"" |Seat Height: 18""|FEATURES: |Seat & Back: Formed felt shell.|Legs: 4-leg steel base.
Include glides for hard floor.",,,,,,12,Silver - Keilhauer|Onyx - Keilhauer
13890772,CA-5,EPIX,https://content.designerpages.com/assets/82410626/KeilhauerEpixplasticshellwith4legbasewitharms.png,2025-12-09 18:39:47 UTC,,http://designerpages.com/manufacturers/keilhauer,Keilhauer,CHAIR - ACTIVITY,,,"Side chair with a plastic shell, arms and 4-leg steel base.","Model #: 76230|DIMENSIONS: |Width: 22.25""|Depth: 21.5""|Height: 32"" |Seat Height: 18""|FEATURES: |Seat & Back: Plastic shell. |Legs: 4-leg steel base.
Include glides for carpet floor.",,,,,,8,Silver - Keilhauer|Teal - Keilhauer
14056896,CC-1,ALBA,https://content.designerpages.com/assets/82412741/9to5SeatingAlba.png,2025-12-09 18:39:48 UTC,,http://designerpages.com/manufacturers/9to5-seating,9 to 5 Seating,CHAIR - CONFERENCE,,Confirm textile quantities and reserve amount needed immediately.,Mid-back upholstered conference chair with arms and a five-star base with casters.,"Model #: 2450 / S3 |DIMENSIONS: |Width: 21.5""|Depth: 27.5""|Overall Height: 31.5"" - 36""|Seat Height: 16.5""|Back Width: 18""|Back Height: 16.5""|FEATURES: |Seat & Back: Upholstered seat & back.|Arm Style : Fixed wrapped around arm (A24C) - Chrome. |Controls: Swivel Tilt (S3).|Base: 27” Mid-Profile Aluminum Base (BA12P) - Polished.|Casters: Large Diameter Carpet Casters (C6) - Black.",,,,,,44,Ultraleather - Ultrafabrics|Polish Aluminum - 9 to 5 Seating
14056890,CC-2,LIMELITE,https://content.designerpages.com/assets/82412734/KILimelite4legarmcastersseatpad.png,2025-12-09 18:39:49 UTC,,http://designerpages.com/manufacturers/ki,KI,CHAIR - CONFERENCE,,Confirm textile quantities and reserve amount needed immediately.,"Conference chair with arms, an upholstered seat, and 4-leg with casters.","Model #: LL2211-PSP-CH-UCBL|DIMENSIONS: |Width: 23.5""|Depth: 20""|Overall Height: 33.25""|Seat Height: 17.5""|Arm Height: 25.5""|FEATURES: |Seat & Back: Poly shell with upholstered seat.|Arms: With arms.|Legs: 4-leg with casters for carpet flooring.",,,,,,28,Surf's Up - KI|Color Field - KnollTextiles|Chrome - KI
14056897,CD-1,BOLTON,https://content.designerpages.com/assets/82412742/AISBolton.png,2025-12-09 18:39:49 UTC,,http://designerpages.com/manufacturers/ais,AIS ,CHAIR - DESK,,Confirm textile quantities and reserve amount needed immediately.,Ergonomic high-back task chair with upholstered seat and solid mesh back.,"Model #: 4400LUMBAR|DIMENSIONS: |Width: 26""|Depth: 24""|Overall Height: 41-45""|Seat Height: 16""-20""|Arm Height: 7.5""|Lumbar Apex Height: 8""-10""|FEATURES: |Seat: Upholstered seat.|Back: High back with height adjustable lumbar support in black.|Arm: Height, depth, width, rotation arms (4D).|Mechanism: Tension Adjustable Synchro-Tilt with Seat Slider.|Base/Frame: Polymer Black base.|Casters: Hard wheel casters for carpet floors. ",,,,,,201,Solid Mesh - AIS |Article - Carnegie Fabrics|Black - AIS 
13890772,CG-1,EPIX,https://content.designerpages.com/assets/82410628/KeilhauerEpixplasticshellwith4legbasewalnutwitharms.png,2025-12-09 18:39:50 UTC,,http://designerpages.com/manufacturers/keilhauer,Keilhauer,CHAIR - GUEST,,Confirm textile quantities and reserve amount needed immediately.,"Side chair with a plastic shell, upholstered seat pad, arms and walnut legs.","Model #: 76252-WAN|DIMENSIONS: |Width: 22.25""|Depth: 21.5""|Overall Height: 32"" |Seat Height: 18.75""|FEATURES: |Seat & Back: Plastic shell with upholstered seat pad.|Legs: 4-leg walnut base.
Include glides for carpet floor.",,,,,,81,Ecru - Keilhauer|Farra - Momentum Textiles|Natural Walnut - Keilhauer
13890772,CG-2,EPIX,https://content.designerpages.com/assets/82410623/KeilhauerEpixplasticshellwith4legbasewalnutseatpadwithnoarms.png,2025-12-09 18:39:51 UTC,,http://designerpages.com/manufacturers/keilhauer,Keilhauer,CHAIR - GUEST,,Confirm textile quantities and reserve amount needed immediately.,"Side chair with a plastic shell, upholstered seat pad and 4-leg walnut legs.","Model #: 76222-WAN|DIMENSIONS: |Width: 20""|Depth: 21.5""|Overall Height: 32"" |Seat Height: 18.75""|FEATURES: |Seat & Back: Plastic shell with upholstered seat pad.|Legs: 4-leg walnut base.
Include glides for carpet floor.",,,,,,42,Ecru - Keilhauer|Farra - Momentum Textiles|Natural Walnut - Keilhauer
14056891,CL-1,INTELLECT WAVE,https://content.designerpages.com/assets/82412735/KIIntellectWavechaircant15.jpg,2025-12-09 18:39:52 UTC,,http://designerpages.com/manufacturers/ki,KI,CHAIR - LEARNING,,,Cantilever chair with polypropylene seat and back with chrome base.,"Model #: IWC18CHPEVNG|DIMENSIONS: |Overall Width: 20 3/8""|Overall Depth: 20 1/2""|Overall Height: 32 1/4""|Seat Height: 18 1/8""|FEATURES: |Seat & Back: Molded Polypropylene|Base: Cantilever Base",,,,,,574,Everglade Shade - KI|Chrome - KI
14056892,CL-2,INTELLECT WAVE,https://content.designerpages.com/assets/82412736/KIIntellectWave4legcasters.png,2025-12-09 18:39:52 UTC,,http://designerpages.com/manufacturers/ki,KI,CHAIR - LEARNING,,,Large polypropylene chair with 4-legs chair and casters.,"Model #: IW418C-EV-CH|DIMENSIONS: |Width: 20.75""|Depth: 20""|Overall Height: 32.25""|Seat Height: 18.25""|FEATURES: |Seat & Back: Polypropylene seat & back.|Legs: 4-leg with caster for hard floor. ",,,,,,50,Everglade Shade - KI|Chrome - KI
14056584,CL-3,LUPO STOOL,https://content.designerpages.com/assets/82410655/VSLupostoolstandardheight.png,2025-12-09 18:39:53 UTC,,http://designerpages.com/manufacturers/vs-america,VS America ,CHAIR - LEARNING,,,Standard height polypropylene skid stool with back and welded steel tube frame,"Model #: 03428|DIMENSIONS: |Seat Width: 14.6""|Seat Height: 18.15""|FEATURES: |Seat & Back: Polypropylene with air-cushion seat. |Frame: Welded steel tube with a U-shaped skid base. 
Include glides for hard floor.",,,,,,16,Black Grey - VS America |Black - VS America 
14056907,CM-1,JIMINY,https://content.designerpages.com/assets/82412761/NationalJiminy.png,2025-12-09 18:39:54 UTC,,http://designerpages.com/manufacturers/national-office-furniutre,National by Kimball International,CHAIR - MULTIPURPOSE,,,"Upholstered-seat, mesh-back multipurpose chair with arms and casters.","Model #: N52GHAC|DIMENSIONS: |Width: 23.5""|Depth: 22""|Overall Height: 33.5""|Seat Height: 17.75""|Arm Height: 26.5""|FEATURES: |Seat: Upholstered seat.|Back: Mesh back.|Arm: Depth adjustable arms.|Base/Frame: Steel frame with powder coat paint on casters for carpet floors.",,,,,,64,Black Mesh - National by Kimball International|Santorini - Arc-Com|Platinum Metallic - National by Kimball International
14056893,CM-2,LIMELITE,https://content.designerpages.com/assets/82412738/KILimelite4legnoarmcasters.png,2025-12-09 18:39:55 UTC,,http://designerpages.com/manufacturers/ki,KI,CHAIR - MULTIPURPOSE,,,"Armless multipurpose chair with poly shell, 4-leg base with casters.","Model #: LL2100-PSP-CH-UCBL|DIMENSIONS: |Width: 22.5""|Depth: 20""|Overall Height: 33.25""|Seat Height: 17.5""|FEATURES: |Seat & Back: One-piece polypropylene shell.|Legs: 4-leg with dual surface casters, Black.",,,,,,26,Surf's Up - KI|Chrome - KI
13890772,CP-1,EPIX,https://content.designerpages.com/assets/82410621/KeilhauerEpixplasticshellwith4legbasenoarms.png,2025-12-09 18:39:55 UTC,,http://designerpages.com/manufacturers/keilhauer,Keilhauer,CHAIR - PUBLIC,,,Plastic shell side chair with 4-leg steel base and no arms.,"Model #: 76200-PC05|DIMENSIONS: |Width: 20""|Depth: 21.5""|Overall Height: 32"" |Seat Height: 18""|FEATURES: |Seat & Back: Plastic shell. |Legs: 4-leg steel base. 
Include glides for hard floor. ",,,,,,5,Ecru - Keilhauer|Shale - Keilhauer
13890772,CP-2,EPIX,https://content.designerpages.com/assets/82410627/KeilhauerEpixplasticshellwith4legbasewitharms.png,2025-12-09 18:39:56 UTC,,http://designerpages.com/manufacturers/keilhauer,Keilhauer,CHAIR - PUBLIC,,,"Side chair with plastic shell, arms and 4-leg steel base.","Model #: 76230-PC05|DIMENSIONS: |Width: 22.25""|Depth: 21.5""|Overall Height: 32"" |Seat Height: 18""|FEATURES: |Seat & Back: Plastic shell. |Legs: 4-leg steel base.
Include glides for hard floor.",,,,,,2,Ecru - Keilhauer|Shale - Keilhauer
14056894,CP-3,LIMELITE,https://content.designerpages.com/assets/82412739/KILimelite4legnoarmglides.png,2025-12-09 18:39:57 UTC,,http://designerpages.com/manufacturers/ki,KI,CHAIR - PUBLIC,,,"Armless multipurpose chair with poly shell, 4-leg base with glides","Model #: LL1100-PSP-CH|DIMENSIONS: |Width: 21.75""|Depth: 22.24""|Overall Height: 33.25""|Seat Height: 17.5""|FEATURES: |Seat & Back: One-piece polypropylene. |Legs: 4-leg with glides for hard floor.",,,,,,6,Surf's Up - KI|Chrome - KI
14038368,CR-1a,VIIVA,https://content.designerpages.com/assets/82410631/SourceViiva.png,2025-12-09 18:39:57 UTC,,http://designerpages.com/manufacturers/source-international-2,Source International ,CHAIR - SPECIAL,,,"Armless chair with a wood back, upholstered waterfall seat, and four legs.","Model #: 151FL-LBNZ-WMD-PG|DIMENSIONS: |Overall Width: 19.5""|Overall Depth: 20""|Overall Height: 31.5""|Seat Height: 18""|FEATURES: |Seat: Upholstered waterfall seat.|Back: Wood back.|Legs/Frame : Metal leg with standard powder coat. 
Include glides for hard floor.",,,,,,26,Omega - Arc-Com|Weathered Medium - Source International |Light Bronze - Source International 
14038368,CR-1b,VIIVA,https://content.designerpages.com/assets/82410630/SourceViiva.png,2025-12-09 18:39:58 UTC,,http://designerpages.com/manufacturers/source-international-2,Source International ,CHAIR - SPECIAL,,,"Armless chair with a wood back, upholstered waterfall seat, and four legs.","Model #: 151FL-LBNZ-WMD-PG|DIMENSIONS: |Overall Width: 19.5""|Overall Depth: 20""|Overall Height: 31.5""|Seat Height: 18""|FEATURES: |Seat: Upholstered waterfall seat.|Back: Wood back.|Legs/Frame : Metal leg with standard powder coat. 
Include glides for hard floor.",,,,,,26,Majorca - Arc-Com|Weathered Medium - Source International |Light Bronze - Source International 
14038368,CR-1c,VIIVA,https://content.designerpages.com/assets/82410632/SourceViiva.png,2025-12-09 18:39:59 UTC,,http://designerpages.com/manufacturers/source-international-2,Source International ,CHAIR - SPECIAL,,,"Armless chair with a wood back, upholstered waterfall seat, and four legs.","Model #: 151FL-LBNZ-WMD-PG|DIMENSIONS: |Overall Width: 19.5""|Overall Depth: 20""|Overall Height: 31.5""|Seat Height: 18""|FEATURES: |Seat: Upholstered waterfall seat.|Back: Wood back.|Legs/Frame : Metal leg with standard powder coat.
Include glides for hard floor.",,,,,,26,Arioso - Stinson|Weathered Medium - Source International |Light Bronze - Source International 
14056895,CS-1,LIMELITE,https://content.designerpages.com/assets/82412740/KILimelitepolysledbase.png,2025-12-09 18:40:00 UTC,,http://designerpages.com/manufacturers/ki,KI,CHAIR - STACKING,,,High-density armless chair with poly shell with sled base. ,"Model #: LL7100-PSP-CH |DIMENSIONS: |Width: 21.5""|Depth: 20.75""|Overall Height: 33.25""|Seat Height: 17.5""|FEATURES: |Seat & Back: One-piece polypropylene. |Base: Sled base with glides for hard floor. ",,,,,,123,Surf's Up - KI|Chrome - KI
13890772,CST-1,EPIX,https://content.designerpages.com/assets/82412687/KeilhauerEpixplasticshellwithsledbasecounterstool.png,2025-12-09 18:40:01 UTC,,http://designerpages.com/manufacturers/keilhauer,Keilhauer,STOOL,,,Counter stool with a plastic shell and sled base.,"Model #: 76205-PC05|DIMENSIONS: |Width: 20.5""|Depth: 21.5""|Overall Height: 37""|Seat Height: 23""|FEATURES: |Seat & Back: Plastic shell. |Base: Sled base.
Include glides for hard floor.",,,,,,42,Teal - Keilhauer|Shale - Keilhauer
14056585,CST-2,LUPO STOOL,https://content.designerpages.com/assets/82410656/VSLupostoolcounterheight.png,2025-12-09 18:40:01 UTC,,http://designerpages.com/manufacturers/vs-america,VS America ,STOOL,,,Counter height polypropylene skid stool with back and welded steel tube frame,"Model #: 03428|DIMENSIONS: |Seat Width: 14.6""|Seat Height: 22.05""|FEATURES: |Seat & Back: Polypropylene with air-cushion seat. |Frame: Welded steel tube with a U-shaped skid base.
Glides for hard floors. ",,,,,,250,Black Grey - VS America |Black - VS America 
14061295,CT-1,BOLTON,https://content.designerpages.com/assets/82432933/AISBolton.png,2025-12-09 18:40:02 UTC,,http://designerpages.com/manufacturers/ais,AIS ,CHAIR - TASK,,,Mid back task chair with upholstered seat and solid mesh back. ,"Model #: 4471C|DIMENSIONS: |Width: 26""|Depth: 24""|Overall Height: 38.75""|Seat Height: 16""-20""|Arm Height: 7.5""|FEATURES: |Seat: Upholstered seat.|Back: Mid back with body conforming lumbar support.|Arm: Height adjustable arms (1D).|Mechanism: Tension Adjustable Synchro-Tilt with Seat Slider.|Base/Frame: Polymer black base.|Casters: Soft wheel casters for hard floors. ",,,,,,160,Solid Mesh - AIS |Article - Carnegie Fabrics|Black - AIS 
14061298,DSK-1,TEXT,https://content.designerpages.com/assets/82432936/VircoTextDesk.png,2025-12-09 18:40:03 UTC,,http://designerpages.com/manufacturers/virco-2,Virco,DESK - STUDENT,,,Height-adjustable desk with hard plastic top and T-base legs.,"Model #: DESK-TD2128YADJM-GRY91-GRY02|DIMENSIONS: |Width: 28""|Depth: 21 3/8""|Height: 26"" - 34""|FEATURES: |Top: Hard plastic top|Frame: Metal",,,,,,93,Grey Nebula - Virco|Silver Mist - Virco
14057500,DSK-2,WORKUP,https://content.designerpages.com/assets/82414921/KIWorkuptable.png,2025-12-09 18:40:03 UTC,,http://designerpages.com/manufacturers/ki,KI,DESK - STUDENT,,,Rectangular height adjustable table.,"Model #: WU2454CB-74P-NMP-R-LWL-WG|DIMENSIONS: |Width: 54""|Depth: 24""|Height: 28""–47"" (Counterbalance).|FEATURES: |Top: Laminate|Edge: 74P - Finish to match the top. |Modesty Panel: No modesty panel. |Base / Foot: Rolling T-bases in powder coat. |Frame / Inner Column : Silver (ISV).|Accessories: Includes receptacles and 4 wire management clips (AC434).
Includes trough to keeps wires enclosed and tidy. ",,,,,,112,White Nebula - KI|Warm Grey - KI|Silver - KI
14070195,DSK-3,GENESIS,https://content.designerpages.com/assets/82462013/DSK3KIGenesis.PNG,2026-01-08 16:33:12 UTC,,http://designerpages.com/manufacturers/ki,KI,DESK - STUDENT,,,"Height adjustable desk with laminate surface, metal legs, and wire trough.","Model #: GSRE3042S|DIMENSIONS: |Width: 42""|Depth: 30""|Height: 24"" - 51""|FEATURES: |Top: Plastic Laminate |Edge: 74P Edge|Base: Metal|Electric Contol: Standard|PowerUp Module: (PUN) No PowerUp Module|Modesty Panel: (NM) No Modesty Panel|Wire Trough: (WW) Wire trough",,,,,,8,Beigewood - KI|Warm Grey - KI
14054206,DTE-1,ARISE Double,https://content.designerpages.com/assets/82410695/ArtcobellArisedoubletable.png,2025-12-09 18:40:04 UTC,,http://designerpages.com/manufacturers/artcobell,Artcobell,DESK - TEACHER,,,Adjustable height desk with frosted modesty panel.,"Desk Model #: ATPA2F|Modesty Panel Model #: TA-SA1236.F|DESK DIMENSIONS: |Width: 54""|Depth: 30""|Height: 29"" - 48.5""|MODESTY PANEL DIMENSIONS: |Width: 36""|Height: 12""|DESK FEATURES: |Top: Plastic Laminate |Edge: Plastic Edge|Base: Metal",,,,,,69,Jubilee Oak - Artcobell|Titanium - Artcobell|M - Titanium - Artcobell
14057504,DTE-2,ECO TABLE-R,https://content.designerpages.com/assets/82414930/VSEcoTable.png,2025-12-09 18:40:05 UTC,,http://designerpages.com/manufacturers/vs-america,VS America ,DESK - TEACHER,,,Rectangular table with round legs and drawers. ,"Model #: 23031|DIMENSIONS: |Width: 59.1""|Depth: 25.6""|Height: 29.15""|FEATURES: |Top: Laminate. |Edge: 74P - Finish to match the top. |Drawers / Front : Laminate, located on the right of the table.|Handle: Metal bow handle, Ni-plate with locking.|Panel: Enclosed with screens.|Base/Frame: Powder coated welded round steel legs with a rectangular steel top frame.|Glides: Include glides for hard floors. ",,,,,,30,Natural Oak - VS America |Grey White - VS America |Arctic - VS America 
14057506,DTE-3,ECO TABLE-R,https://content.designerpages.com/assets/82414932/VSEcoTable.png,2025-12-09 18:40:06 UTC,,http://designerpages.com/manufacturers/vs-america,VS America ,DESK - TEACHER,,,Rectangular table with round legs and drawers. ,"Model #: 23021|DIMENSIONS: |Width: 51.2""|Depth: 25.6""|Height: 29.15""|FEATURES: |Top: Laminate. |Edge: 74P - Finish to match the top. |Drawers / Front : Laminate, located on the right of the table.|Handle : Metal bow handle, Ni-plate with locking. |Panel: Enclosed with screens.|Base/Frame: Powder coated welded round steel legs with a rectangular steel top frame.|Glides: Include glides for hard floors. ",,,,,,5,Natural Oak - VS America |Grey White - VS America |Arctic - VS America 
14057005,DTE-4,WORKUP,https://content.designerpages.com/assets/82413184/KIWorkuptable.png,2025-12-09 18:40:07 UTC,,http://designerpages.com/manufacturers/ki,KI,DESK - TEACHER,,,Rectangular height adjustable table with power module. ,"Model #: WU2460CB-74P-NMP-R-LWL-WG|DIMENSIONS: |Width: 60""|Depth: 24""|Height: 28""-47"" (Counterbalance).
28""–47"" (Counterbalance).|FEATURES: |Top: Laminate|Edge: 74P - Finish to match the top. |Modesty Panel: No modesty panel. |Base / Foot: Rolling T-bases in powder coat. |Frame / Inner Column : Silver (ISV).|Power Module: Includes Dean Clamp-on power module (36"" corded), two 3-prong receptacles, one USB-A and one USB-C charging port. Includes two strain-relief clips for wire management.
Includes trough to keeps wires enclosed and tidy. ",,,,,,14,White Nebula - KI|Warm Grey - KI|Silver - KI
14060101,EE-DT,SHEERLINE,https://content.designerpages.com/assets/82426499/FleetwoodSheerlinesciencedemotable.png,2025-12-09 18:40:07 UTC,,http://designerpages.com/manufacturers/fleetwood-furniture,Fleetwood Furniture,EQUIPMENT,,,Demonstration table with phenolic top worksurface and on casters. ,"Model #: 172074|DIMENSIONS: |Width: 50""|Depth: 30""|Height: 34.25""|FEATURES: |Worksurface: Phenolic top.|Case: Painted metal frame with metal bottom panel. |Shelves: Painted metal shelves; (2) shelves, one (1) adjustable.|Door: Keyed-alike cylinder lock with arch pull.|Mobility: 5"" post casters - 2 locking and 2 non-locking. ",,,,,,8,Greige - Fleetwood Furniture|Black - Fleetwood Furniture
14057394,EE-EB,FAMILY PRACTICE TABLE WITH STEP STOOL,https://content.designerpages.com/assets/82414653/ClintonIndustriesExamBedstepstool.png,2025-12-09 18:40:08 UTC,,http://designerpages.com/manufacturers/clinton-industries,Clinton Industries,EQUIPMENT,,,Exam table with step stool and paper cutter.,"Model #: 8890-040.|DIMENSIONS: |Width: 28.5""|Depth: 58""/72"" extended.|Height: 31""|FEATURES: |Table: Upholstery over 2"" firm, foam padding with adjustable backrest. |Base: Plastic laminate with adjustable feet for leveling. Large side storage compartment with shelf is accessible from both sides|Step Stool: Handy, pull-out, welded steel, step stool. |Accessories: Include paper dispenser.",,,,,,2,Warm Gray - Clinton Industries|Gray - Clinton Industries
14060104,EE-ESD,ESD WORKBENCH,https://content.designerpages.com/assets/82426507/FormaspaceESDworkbenchblack.png,2025-12-09 18:40:09 UTC,,http://designerpages.com/manufacturers/formaspace-2,FormaSpace,EQUIPMENT,,,Rectangular ESD workbench with shelves and lighting.,"Model #: Custom.|DIMENSIONS: |Width: 72""|Depth: 30""|Height: 30""|FEATURES: |Worksurface: ESD Laminate|Frame: Fixed height with standard painted metal and center spreader position.|Feet: Adjustable leveler.|Upper Shelves: Two (2) flat upper shelves, 15"" shelf depth with HPL finish.|Lighting : Include under shelf light and over head light.|Power Outlets: 16 plugs in up position.|Bins: Include bin with rails. |Back Board: Peg Board. |Wire management: Include wire management underneath worksurface and grommets on each end of worksurface. ",,,,,,3,Black - FormaSpace|Gray - FormaSpace
14070278,EE-GS,KSW242472R.H,,2026-01-09 19:48:41 UTC,,http://designerpages.com/manufacturers/ki-inc,"KI, Inc.",EQUIPMENT,,,,Model #: |DIMENSIONS: |Width: |Depth: |Height: ,,,,,,1,
14061302,EE-P1,TRELLIS,https://content.designerpages.com/assets/82462119/EEPKITrellis.png,2025-12-31 20:04:35 UTC,,http://designerpages.com/manufacturers/ki,KI,EQUIPMENT,,See next page for bill of materials and rendering.,"Power bar composed of 3 x 30"" high, 48"" wide steel inset panels with receptacles.",Model #: Varies|FEATURES: |Unit: Black |Insert: Steel,,,,,,8,Warm Grey - KI
14057392,EE-RC,UPHOLSTERED APRON COUCH ,https://content.designerpages.com/assets/82424776/EERCClintonIndustriesRecoveryCouch.jpg,2025-12-09 18:40:09 UTC,,http://designerpages.com/manufacturers/clinton-industries,Clinton Industries,EQUIPMENT,,,"Resting couch with double drawer storage underneath, adjustable pillow wedge, and paper cutter.","Model #: 3713-16-040-055|DIMENSIONS: |Width: 27""|Depth: 72""|Height: 20""|FEATURES: |Couch: Upholstered over 2"" firm foam padding with adjustable pillow wedge headrest. |Base: Cabinet style base with laminate & steel drawers. |Drawer Lock: Include individual cam lock for drawers. Multiple locks will be all keyed alike.|Accessories: Include clear plastic with elastic strap and buckle paper cutter. ",,,,,,1,Warm Gray - Clinton Industries|Gray - Clinton Industries
14054215,EE-SM,Sports_Mannequin_19085 Sports_Mannequin_19085 EE-SM,,2025-12-09 18:40:10 UTC,,http://designerpages.com/manufacturers/tbd,TBD,EQUIPMENT,,,,Model #: |DIMENSIONS: |Width: |Depth: |Height: ,,,,,,2,
14060108,EE-TT,TREATMENT TABLE,https://content.designerpages.com/assets/82426511/ClintonIndustriesTreatmenttable.png,2025-12-09 18:40:10 UTC,,http://designerpages.com/manufacturers/clinton-industries,Clinton Industries,EQUIPMENT,,,Treatment table with backrest and shelf.,"Model #: 1020-27-034.|DIMENSIONS: |Width: 27""|Length: 72""|Height: 31""|FEATURES: |Top: Upholstered over 2"" firm foam padding with adjustable backrest. |Base: Hardwood H-bracing legs with levelers. |Accessories: Include paper dispenser and paper cutter.",,,,,,1,Black - Clinton Industries|Maple - Clinton Industries
14057637,FL-3.36,LF SERIES,https://content.designerpages.com/assets/82415140/KimballLFSeries3HLateralfile.png,2025-12-09 18:40:11 UTC,,http://designerpages.com/manufacturers/kimball-international,Kimball International,FILE - LATERAL,,,Three-drawer filing cabinet with front-to-back filing. ,"Model #: LFF18363.|DIMENSIONS: |Width: 36""|Depth: 18""|Height: 37.25""|FEATURES: |Case: Painted flush steel front with Integral pull, and standard height drawers. |Hardware: All filing units are to be lockable; keyed alike per unit.|Options: Include counterweight and mechanism for front-to-back filing.",,,,,,24,Graphite - Kimball International
14057508,FL-3.42,UNIVERSAL STORAGE,https://content.designerpages.com/assets/82462348/SteelcaseUniversialStorage3Dwrlateralfile.png,2025-12-17 20:44:36 UTC,,http://designerpages.com/manufacturers/steelcase,Steelcase,FILE - LATERAL,,,Three-drawer filing cabinet with front to back filing. ,"Model #: RLF18423-F|DIMENSIONS: |Width: 42""|Depth: 18""|Height: 40""|FEATURES: |Case: Painted flush steel front with integral pull.|Hardware: All filing units are to be lockable; keyed alike per unit.|Options: Include counterweight and mechanism for front-to-back filing.",,,,,,9,Platinum Metallic - Steelcase
14070294,FLI-3.36,UNIVERSAL STORAGE,https://content.designerpages.com/assets/82462336/SteelcaseUniversialStorage3Dwrlateralfile.png,2026-01-09 20:25:54 UTC,,http://designerpages.com/manufacturers/steelcase,Steelcase,FILE - LATERAL,,,Four three-drawer filing cabinets with front to back filing with file surround.,"Model #: RLF18363-F|DIMENSIONS: |Width: 36""|Depth: 18""|Height: 40""|Overall Width: 72""|Overall Depth: 36""|FEATURES: |Case: Painted flush steel front with integral pull.|Surround : Plastic laminate; One section without back panel.|Hardware: All filing units are to be lockable; keyed alike per unit.|Options: Include counterweight and mechanism for front-to-back filing.",,,,,,1,Platinum Metallic - Steelcase|Natural Recon - Steelcase
14054219,FM-1,TS SERIES,https://content.designerpages.com/assets/82413174/SteelcaseTSSeriesmobileped.png,2025-12-09 18:40:12 UTC,,http://designerpages.com/manufacturers/steelcase,Steelcase,FILE - MOBILE,,Confirm textile quantities and reserve amounted needed immediately.,Mobile pedestal with seat cushion and handle. ,"Model #: TS2PBF22MCH |DIMENSIONS: |Width: 16.25""|Depth: 22.5""|Height: 22.75""|Top: |Case/Storage: Box/File configuration with contemporary pull handle and pencil tray insert. Finish to be painted metal. 
|Handle : Contemporary pulls. |Casters: 1.5"" diameter front-locking for hard floors. |Hardware: All filling units are to be lockable; keyed alike per unit. |Options: Include counterweight and mechanism for front-to-back filing. 
Include factory installed leveling glides for hard floors. ",,,,,,80,Sojourn - Maharam|Platinum Metallic - Steelcase
14057511,LA-1,CLAMBER TIERED SEATING,https://content.designerpages.com/assets/82414937/LA1KIClamberOption2.jpg,2025-12-09 18:40:12 UTC,,http://designerpages.com/manufacturers/ki,KI,LOUNGE - ACTIVITY,,"Refer to drawings for the correct seating layout.

Confirm textile quantities and reserve amounted needed immediately.",Fully upholstered modular seating.,"Half Round Model # : (2) CLIHRUFC - One-Tier Seating, 36” Wide.
|Wave Left Model #: (1) CL2WLUUFC - Two-Tier Seating, 48” Wide.
|Wave Right Model #: (1) CL2WRUUFC - Two-Tier Seating, 48” Wide.|DIMENSIONS: |Overall Width: 132""|Overall Depth: 36""|Overall Height: 30""|Upper Tier Seat Depth: 18""|Lower Tier Seat Depth: 18""|Lower Tier Seat Height: 15""|FEATURES: |Seat/Base: Fully upholstered, contrast.|Base: Include tiered seating ganging kit and glides for hard floors. |Power: No power. ",,,,,,1,Dexter EPU - Momentum Textiles|Olympia - KnollTextiles
14057512,LA-2,CLAMBER TIERED SEATING,https://content.designerpages.com/assets/82414938/LA2KIClamberOption4.png,2025-12-09 18:40:13 UTC,,http://designerpages.com/manufacturers/ki,KI,LOUNGE - ACTIVITY,,"Refer to drawings for the correct seating layout.

Confirm textile quantities and reserve amounted needed immediately.",Fully upholstered modular seating.,"Half Round Model # : (2) CL1HRUFC - One-Tier Seating, 36” Wide.



|Wave Left Model #: (1) CL2WLUUFC - Two-Tier Seating, 48” Wide.|Wave Right Model #: (1) CL2WRUUFC - Two-Tier Seating, 48” Wide.|Inside Curve Model #: (1) CL2VNUUFC - Two-Tier Seating, 45 Degree.|DIMENSIONS: |Overall Width: 166""|Overall Depth: 36""|Overall Height: 30""|Upper Tier Seat Depth: 18""|Lower Tier Seat Depth: 18""|Lower Tier Seat Height: 15""|FEATURES: |Seat/Base: Fully upholstered, contrast.|Base: Include tiered seating ganging kit and glides for hard floors. |Power: No power. ",,,,,,1,Dexter EPU - Momentum Textiles|Olympia - KnollTextiles
14057513,LA-3,CLAMBER TIERED SEATING,https://content.designerpages.com/assets/82414939/LA3KIClamberOption3.jpg,2025-12-09 18:40:13 UTC,,http://designerpages.com/manufacturers/ki,KI,LOUNGE - ACTIVITY,,"Refer to drawings for the correct seating layout.

Confirm textile quantities and reserve amounted needed immediately.",Fully upholstered modular seating.,"Inside Corner Left Model #: (1) CL2CNUUFC - Two-Tier Seating.



|Inside Corner Right Model #: (1) CL2CNUUFC - Two-Tier Seating.|S-Curve Left Model #: (1) CL2SLUUFC - Two-Tier Seating, 48""wide.|S-Curve Right Model #: (1) CL2SRUUFC - Two-Tier Seating, 48""wide.|Straight Model #: (1) CL2R3UUFC - Two-Tier Seating, 36"" Wide.|DIMENSIONS: |Overall Width: 204""|Overall Depth: 36""|Overall Height: 30""|Upper Tier Seat Depth: 18""|Lower Tier Seat Depth: 18""|Lower Tier Seat Height: 15""|FEATURES: |Seat/Base: Fully upholstered, contrast.|Base: Include tiered seating ganging kit and glides for hard floors. |Power: No power. ",,,,,,1,Dexter EPU - Momentum Textiles|Olympia - KnollTextiles
14057514,LA-4,CLAMBER TIERED SEATING,https://content.designerpages.com/assets/82414941/LA4KIClamberOption1.jpg,2025-12-09 18:40:14 UTC,,http://designerpages.com/manufacturers/ki,KI,LOUNGE - ACTIVITY,,"Refer to drawings for the correct seating layout.

Confirm textile quantities and reserve amounted needed immediately.",Fully upholstered modular seating.,"Half-Oval Model #: (2) CL1HVUFC - One-Tier Seating, 54” Wide.
|Straight Model #: (2) CL1R3UFC - One-Tier Seating, 48"" Wide.|S-Curve Right Model #: (1) CL1SRUFC - One-Tier Seating, 48"" Wide.|S-Curve Left Model #: (1) CL1SLUFC - One-Tier Seating, 48"" Wide.|S-Curve Right Model #: (1) CL2SRUUFC - Two-Tier Seating, 48"" Wide.|S-Curve Left Model #: (1) CL2SLUUFC - Two-Tier Seating, 48"" Wide.|Wave Right Model #: (1) CL2WRUUFC - Two-Tier Seating, 48"" Wide.|Wave Left Model #: (1) CL2WLUUFC - Two-Tier Seating, 48"" Wide.|DIMENSIONS: |Overall Width: 228""|Overall Depth: 72""|Overall Height: 30""|Upper Tier Seat Depth: 18""|Lower Tier Seat Depth: 18""|Lower Tier Seat Height: 15""|FEATURES: |Seat/Base: Fully upholstered, contrast.|Base: Include tiered seating ganging kit and glides for hard floors. |Power: No power. ",,,,,,1,Dexter EPU - Momentum Textiles|Olympia - KnollTextiles
14057515,LA-5,CLAMBER TIERED SEATING,https://content.designerpages.com/assets/82414942/LA5KIClamberOption5.jpg,2025-12-09 18:40:15 UTC,,http://designerpages.com/manufacturers/ki,KI,LOUNGE - ACTIVITY,,"Refer to drawings for the correct seating layout.

Confirm textile quantities and reserve amounted needed immediately.",Fully upholstered modular seating with clamber wall with worksurfaces. ,"Model #: (1) CL2WRUUFC - Clamber Two-Tier Seating, 48” Wide, Wave Right.
(1) CL2WLUUFC - Clamber Two-Tier Seating, 48” Wide, Wave Left.
(2) CL2VNUUFC - Clamber Two-Tier Seating, 45 Degree, Inside Curve.
(2) CLSR4N - Wall, 48"" Wide, Straight with Worksurface Mount.
(2) CLSVNN - Wall, 45 Degree, Inside Curve with Worksurface Mount
(2) CLAWSRT48-74P - Wall, 48"" Wide, Straight, Laminate Worksurface. 
(2) CLAWSVN-74P - Wall, 45 Degree, Inside Curve, Laminate |DIMENSIONS: |Overall Width: 138""|Overall Depth: 50""|Overall Height: 30""|Upper Tier Seat Depth: 18""|Lower Tier Seat Depth: 18""|Lower Tier Seat Height: 15""|Worksurface-to-Floor: 41""|Wall Depth: 3""|Wall Height: 45""|Worksurface Depth: 12""|Wall with Worksurface Depth: 15""|FEATURES: |Seat/Base: Fully upholstered, contrast.|Base: Include tiered seating ganging kit and glides for hard floors. |Wall: Upholstered.|Worksurface: HPL top with matching edge. |Power: No power. ",,,,,,1,Precision - Carnegie Fabrics|Fedora - Mayer Fabrics|White Nebula - KI
14056576,LB-1,CONNOLLY,https://content.designerpages.com/assets/82410645/KimballConnollybench.png,2025-12-09 18:40:15 UTC,,http://designerpages.com/manufacturers/national-office-furniutre,National by Kimball International,LOUNGE – BENCH,,Confirm textile quantities and reserve amounted needed immediately.,Freestanding three-seat bench with metal legs.,"Model #: N72BF3M|DIMENSIONS: |Width: 83.5""|Depth: 28""|Height: 17""|FEATURES: |Seat: Upholstered seat.|Legs/Base: Metal legs with standard powder coat.
Include glides for hard floor.",,,,,,2,Telfair - Architex Fabrics|Cement - Kimball International
14057518,LBQ-1,LUNA,https://content.designerpages.com/assets/82414944/StylexLunabench.png,2025-12-09 18:40:16 UTC,,http://designerpages.com/manufacturers/stylex-2,Stylex,LOUNGE – BANQUETTE,,"Refer to drawings for the correct seating layout.

Confirm textile quantities and reserve amounted needed immediately.",Modular high-back banquette with standard units and plinth base.,"Model #: LNP11-H-XX-DF-F-LM05.|DIMENSIONS: |Overall Width: Custom length - Unit to fit 264"" (22'-0"").|Overall Depth: 25""|Overall Height: 38""|FEATURES: |Seat and Back: Upholstered seat and back.|Arm: Armless.|Legs/Base: Plinth Base.",,,,,,2,Silica - Compass - Momentum Textiles|Omega - Arc-Com|Black - Stylex
14054229,LC-1,GIMBAL JR.,https://content.designerpages.com/assets/82414633/HightowerGimbalJR..png,2025-12-09 18:40:17 UTC,,http://designerpages.com/manufacturers/hightower,Hightower,LOUNGE - CHAIR,,Confirm textile quantities and reserve amounted needed immediately.,Upholstered chair with a swivel base and auto-return.,"Model #: HTGMO45|DIMENSIONS: |Width: 26""|Depth: 26.8""|Height: 31.5""|Seat Width: 23.5""|Seat Depth: 19""|Seat Height: 19""|FEATURES: |Seat and Back: Upholstered seat and back.|Base: Swivel Base with auto-return.",,,,,,12,Guru - Momentum Textiles
14054230,LC-2,BESO,https://content.designerpages.com/assets/82412603/StudioTKBeso.png,2025-12-09 18:40:18 UTC,,http://designerpages.com/manufacturers/teknion-studio,Studio TK,LOUNGE - CHAIR,,"Textile shall have a soil treatment like Alta Higher Education or equivalent added to the material for added durability.

Confirm textile quantities and reserve amounted needed immediately.",Lounge chair with wood legs.,"Model #: ARBW|DIMENSIONS: |Width: 26""|Depth: 29""|Height: 33""|Seat Height: 17""|FEATURES: |Seat & Back: Upholstered seat & back.|Legs/Base: Wood leg. 
Includes glides for hard floor. ",,,,,,18,Diva - KnollTextiles|Sierra DV - Studio TK
13890806,LC-3,PONDER,https://content.designerpages.com/assets/82412690/KeilhauerPondermidbacksledbase.png,2025-12-09 18:40:19 UTC,,http://designerpages.com/manufacturers/keilhauer,Keilhauer,LOUNGE - CHAIR,,"Textile shall have a soil treatment like Alta Higher Education or equivalent added to the material for added durability.

Confirm textile quantities and reserve amount needed immediately.",Mid back armless lounge chair with sled base.,"Model #: 68723-PC24|DIMENSIONS: |Width: 27""|Depth: 30.75""|Height: 30.75""|Seat Height: 16.75""|FEATURES: |Seat & Back: Upholstered seat & back.|Legs/Base: Sled base.
Include glides for hard floor.",,,,,,12,Tempest - KnollTextiles|Warm Grey - Keilhauer
13890806,LC-4,PONDER,https://content.designerpages.com/assets/82412691/KeilhauerPonderhighbackarmssledbase.png,2025-12-09 18:40:19 UTC,,http://designerpages.com/manufacturers/keilhauer,Keilhauer,LOUNGE - CHAIR,,Confirm textile quantities and reserve amount needed immediately.,High back lounge chair with sled base.,"Model #: 68713-PC24|DIMENSIONS: |Width: 30""|Depth: 31.25""|Height: 42.5""|Seat Height: 16.75""|Arm Height: 20.5""|FEATURES: |Seat & Back: Upholstered seat & back.|Legs/Base: Sled base. 
Include glides for carpet floor.",,,,,,2,Farra - Momentum Textiles|Warm Grey - Keilhauer
14057520,LL-1,CONNOLLY,https://content.designerpages.com/assets/82414946/KimballConnollysofa.png,2025-12-09 18:40:20 UTC,,http://designerpages.com/manufacturers/national-office-furniutre,National by Kimball International,LOUNGE - LOVESEAT,,Confirm textile quantities and reserve amount needed immediately.,Freestanding two-seat lounge sofa with arms and metal legs.,"Model #: N72LF2NPAM|DIMENSIONS: |Width: 60""|Depth: 30.5""|Height: 32.5""|Seat Width: 52""|Seat Depth: 22""|Seat Height: 17""|Arm Height: 25""|Arm Width: 4""|FEATURES: |Seat & Back: Upholstered seat & back, no accent panel.|Legs/Base: Metal legs with standard powder coat.",,,,,,6,Evolution - Architex Fabrics|Graphite - Kimball International
14057577,LM-1,PASEA,https://content.designerpages.com/assets/82415021/LM1SitOnItPasea.png,2025-12-09 18:40:21 UTC,,http://designerpages.com/manufacturers/sitonit-seating,Sit on It,LOUNGE - MODULAR,,"Refer to drawings for the correct seating layout. 

Confirm textile quantities and reserve amount needed immediately.",Upholstered modular half-circle sofa.,"1.5 Single Seat Model #: (2): PAS FS17 SS2.
|120 Degree Inner Seat Model #: (1): PAS FS17 SS4.|DIMENSIONS: |Overall Width: 102""|Overall Depth: 27""|Overall Height: 31.5""|Seat Height: 17.5""|FEATURES: |Seat and Back: Upholstered seat & back.|Base: Slate base.",,,,,,2,Twill EPU - Momentum Textiles|Silica Etch - Momentum Textiles|Slate - Sit on It
14057571,LO-1,PASEA,https://content.designerpages.com/assets/82415012/SitonItPaseaottoman.png,2025-12-09 18:40:21 UTC,,http://designerpages.com/manufacturers/sitonit-seating,Sit on It,LOUNGE - OTTOMAN,,Confirm textile quantities and reserve amount needed immediately.,Upholstered mini round ottoman.,"Model #: PAS-FS1-OS1-LBC3-TM0|DIMENSIONS: |Width: 24""|Depth: 24""|Height: 17.5""|FEATURES: |Seat and Side: Fully upholstered. |Base: Slate Base.",,,,,,6,Linnen - DesignTex|Gravity - Stinson|Slate - Sit on It
14054307,LO-2,ROK DROP,https://content.designerpages.com/assets/82412606/FomcoreRokDrop.png,2025-12-09 18:59:25 UTC,,http://designerpages.com/manufacturers/fomcore,FOMCORE,LOUNGE - OTTOMAN,,Confirm textile quantities and reserve amount needed immediately.,Upholstered ottoman with fully zippered base.,"Model #: F166-18x18-Z|DIMENSIONS: |Seat Diameter: 16""|Overall Diameter: 18""|Seat Height: 18""|FEATURES: |Seat: Upholstered|Side: Upholstered",,,,,,10,Sorano-Seville - DesignTex|Sorano-Honey - DesignTex
13890806,LO-3,PONDER,https://content.designerpages.com/assets/82412692/KeilhauerPonderfootstool.png,2025-12-09 18:40:22 UTC,,http://designerpages.com/manufacturers/keilhauer,Keilhauer,LOUNGE - OTTOMAN,,Confirm textile quantities and reserve amount needed immediately.,Upholstered ottoman,"Model #: 68773|DIMENSIONS: |Width: 24.5""|Depth: 16.5""|Height: 16.25""|Seat Height: 16""|FEATURES: |Seat: Upholstered.|Legs/Base: Metal base.
Include glides for hard floor.",,,,,,2,Omega - Arc-Com|Warm Grey - Keilhauer
14054237,MB-1,GROUPWORK ,https://content.designerpages.com/assets/82415039/SteelcaseGroupworkMB.jpg,2025-12-09 18:40:22 UTC,,http://designerpages.com/manufacturers/steelcase,Steelcase,MARKERBOARD,,,Mobile whiteboard screen.,"Model #: TS4S4866|DIMENSIONS: |Width: 48""|Depth: 16""|Height: 66""|FEATURES: |Screen: Ceramic steel surface on both side - White High Gloss. Include marker trays. |Base: 4-leg painted metal base with casters. ",,,,,,8,Sterling Metallic - Steelcase
14060856,SH-18-1,COMMERCIAL WIRE SHELVING,https://content.designerpages.com/assets/82431944/SH181SafcoIndustrialShelf.png,2025-12-09 18:40:23 UTC,,http://designerpages.com/manufacturers/safco-products,Safco Products,SHELVING,,,A box beam steel shelving system with double-sided compression clips. ,"Model #: 6269|DIMENSIONS: |Width: 36""|Depth: 18""|Height: 75""|FEATURES: |Shelves: 6 steel shelves with 1"" incremental height adjustment. Include corner brackets and hat channel. |Feet: Include glides for hard floors. ",,,,,,8,
14054239,SH-24-1,Generic,,2025-12-09 18:40:23 UTC,,http://designerpages.com/manufacturers/tbd,TBD,SHELVING,,,,,,,,,,131,
14054240,SH-24-2,Generic,,2025-12-09 18:40:24 UTC,,http://designerpages.com/manufacturers/tbd,TBD,SHELVING,,,,,,,,,,30,
14054241,SH-48-1,Generic,,2025-12-09 18:40:24 UTC,,http://designerpages.com/manufacturers/tbd,TBD,SHELVING,,,,,,,,,,2,
14054242,SH-48-2,Generic,,2025-12-09 18:40:24 UTC,,http://designerpages.com/manufacturers/tbd,TBD,SHELVING,,,,,,,,,,1,
14060113,SH-D1.36,DURECON METAL,https://content.designerpages.com/assets/82426519/Palmieri3highdoubleDureconMetalShelving.png,2025-12-16 21:44:14 UTC,,http://designerpages.com/manufacturers/palmieri-furniture,Palmieri Furniture,SHELVING,,Include all hardware as required.,"3 high, mobile, standard double face wood bookcase with metal shelving on concealed casters. ","Model #: DM-4220-S-36|DIMENSIONS: |Width: 37.25""|Depth: 19.5""|Height: 42""|Shelf Depth: 9.5""|FEATURES: |Case: Wood veneer. |Shelves: Flat Standard painted metal shelves.|Number of Shelves: 4 adjustable shelves. |Number of Openings: 6|Base: Standard wood kickplate - finish to match the case.",,,,,,5,Castle Oak on Oak - Palmieri Furniture|Charcoal - Palmieri Furniture
14060114,SH-D2.24,DURECON METAL,https://content.designerpages.com/assets/82426522/Palmieri3highdoubleDureconMetalShelving.png,2025-12-16 21:44:15 UTC,,http://designerpages.com/manufacturers/palmieri-furniture,Palmieri Furniture,SHELVING,,Include all hardware as required.,"3 high, mobile, standard double face wood bookcase with metal shelving on concealed casters. ","Model #: DM-4224-S-24|DIMENSIONS: |Width: 25.25""|Depth: 23.5""|Height: 42""|Shelf Depth: 11.5""|FEATURES: |Case: Wood veneer. |Shelves: Flat Standard painted metal shelves.|Number of Shelves: 4 adjustable shelves. |Number of Openings: 6|Base: Standard wood kickplate with metal mobile bottom frame - finish to match the case.",,,,,,14,Castle Oak on Oak - Palmieri Furniture|Charcoal - Palmieri Furniture
14070183,SH-D2.36,DURECON METAL,https://content.designerpages.com/assets/82461985/Palmieri3highdoubleDureconMetalShelving.png,2025-12-16 21:44:15 UTC,,http://designerpages.com/manufacturers/palmieri-furniture,Palmieri Furniture,SHELVING,,Include all hardware as required.,"3 high, mobile, standard double face wood bookcase with metal shelving on concealed casters. ","Model #: DM-4224-S-36|DIMENSIONS: |Width: 37.25""|Depth: 23.5""|Height: 42""|Shelf Depth: 11.5""|FEATURES: |Case: Wood veneer. |Shelves: Flat Standard painted metal shelves.|Number of Shelves: 4 adjustable shelves. |Number of Openings: 6|Base: Standard wood kickplate with metal mobile bottom frame - finish to match the case.",,,,,,16,Castle Oak on Oak - Palmieri Furniture|Charcoal - Palmieri Furniture
14056172,SHH-24-1,Generic,,2025-12-16 21:44:16 UTC,,http://designerpages.com/manufacturers/tbd,TBD,SHELVING,,,,,,,,,,2,
14056173,SHH-24-2,Generic,,2025-12-16 21:44:16 UTC,,http://designerpages.com/manufacturers/tbd,TBD,SHELVING,,,,,,,,,,2,
14056810,SH-P,0,,2025-12-17 20:29:14 UTC,,http://designerpages.com/manufacturers/southwest-solutions-group_una,Southwest Solutions Group_UNA,SHELVING,,,,,,,,,,4,
14060112,SH-S.36,DURECON METAL,https://content.designerpages.com/assets/82426517/Palmieri3highDureconMetalShelving.png,2025-12-16 21:44:17 UTC,,http://designerpages.com/manufacturers/palmieri-furniture,Palmieri Furniture,SHELVING,,Include all hardware as required.,"3 high, mobile, standard single face wood bookcase with metal shelving on concealed casters.","Model #: DM-4212-S-36|DIMENSIONS: |Width: 37.25""|Depth: 12""|Height: 42""|Shelf Depth: 11.5""|FEATURES: |Case: Wood veneer. |Shelves: Flat Standard painted metal shelves.|Number of Shelves: 2 adjustable shelves. |Number of Openings: 3|Base: Standard wood kickplate on metal mobile bottom frame - finish to match the case.",,,,,,17,Castle Oak on Oak - Palmieri Furniture|Charcoal - Palmieri Furniture
14056586,ST-1,HOKKI,https://content.designerpages.com/assets/82410657/VSHokkistool.png,2025-12-09 18:40:25 UTC,,http://designerpages.com/manufacturers/vs-america,VS America ,STOOL,,,Polypropylene stool with lightweight foam pad.,"Model #: 03825|DIMENSIONS: |Seat Width: 13.6""|Seat Height: 18.15""|FEATURES: |Seat: Polypropylene with foam pad",,,,,,12,Black Grey - VS America 
14054244,ST-2,HANDY,https://content.designerpages.com/assets/82412711/LelandHandystool.png,2025-12-09 18:40:25 UTC,,http://designerpages.com/manufacturers/leland-international,Leland International,STOOL,,,Upholstered seat onlay with polypropylene shell stool.,"Model #: HYS-U-DL-COM|DIMENSIONS: |Width: 16""|Depth: 14.5""|Overall Height: 18.25""|FEATURES: |Seat: Upholstered seat onlay.|Base: Polypropylene shell.",,,,,,5,Particle - DesignTex|Dolphin - Leland International
14056906,ST-3,MEDICAL AND LAB STOOLS (EXAM),https://content.designerpages.com/assets/82412760/KIMedicalStool.png,2025-12-09 18:40:26 UTC,,http://designerpages.com/manufacturers/ki,KI,STOOL,,,Upholstered medical exam stool with casters. ,"Model #: KICL12|DIMENSIONS: |Seat Diameter: 16""|Overall Width: 19""|Overall Height: 21""|Seat Height: 16""-21""|FEATURES: |Seat: Upholstered seat. 
5"" seat height range with hand activation pneumatic. |Base: Casters for hard floors. ",,,,,,3,Holy Cow - Pallas Textiles
14058432,STR-1,WAVEWORKS,https://content.designerpages.com/assets/82419400/STR1KimballBookshelf.jpg,2026-01-08 16:37:45 UTC,,http://designerpages.com/manufacturers/national-office-furniutre,National by Kimball International,STORAGE,,,Tall bookcase with adjustable shelves. ,"Model #: WW3679BCOFL NW|DIMENSIONS: |Width: 36""|Depth: 14""|Height: 66""|FEATURES: |Case: 5 shelf open bookcase with 3 adjustable shelves in HPL. |Options: Include factory-installed leveling glides for carpet flooring.",,,,,,8,Tuscan - Kimball International
14058432,STR-2,WAVEWORKS,https://content.designerpages.com/assets/82419400/STR1KimballBookshelf.jpg,2025-12-09 18:40:27 UTC,,http://designerpages.com/manufacturers/national-office-furniutre,National by Kimball International,STORAGE,,,Tall bookcase with adjustable shelves. ,"Model #: WW3679BCOFL NW|DIMENSIONS: |Width: 36""|Depth: 14""|Height: 66""|FEATURES: |Case: 5 shelf open bookcase with 3 adjustable shelves in HPL. |Options: Include factory-installed leveling glides for carpet flooring.",,,,,,4,Tuscan - Kimball International
14057534,TA-1,STRUCTURE,https://content.designerpages.com/assets/82414947/AllsteelStructurerectangulartablenew.png,2025-12-09 18:40:27 UTC,,http://designerpages.com/manufacturers/allsteel-inc,Allsteel,TABLE - ACTIVITY,,,Conference table with rectangular shaped with HPL top and community legs. ,"Top Model #: AMPTLF48120RE-LPE1-PE-C2.
|Base Model #: AMPTCL6-P28-GN.|DIMENSIONS: |Width: 48""|Depth: 120""|Height: 29""|FEATURES: |Top: Rectangular top with HPL finish. |Edge: Flat square edge, finish to match the top. |Leg: Community Legs. Provide a recessed channel with cover to route cords from floor to undersurface. Includes glides for carpet floors.|Power/Data: Provide (2) 10' corded power includes 4 power outlets, 2 USB-A, 2 USB-C and wireless charging (surfaced mounted).
Power data ports should locate on each end of table.|Power Management: Include wire management strips/channels underside of surface (AWRSTRIP).",,,,,,1,Phantom Ecru - Allsteel|Fossil - Allsteel
14057548,TA-2,ADMIX,https://content.designerpages.com/assets/82414948/AllsteelAdmixDtopwithtvstand.png,2025-12-09 18:40:28 UTC,,http://designerpages.com/manufacturers/allsteel-inc,Allsteel,TABLE - ACTIVITY,,,Media center wall with integrated table and an HPL work surface.,"Top Model #: Top:   ATLADM-TBMED-4884F-LPE1-PE-GN.
|Base Model #: ATLADM-BAMEDIAM4848S-P28-GLD.|Media Wall Model #: ATLADM-MTWALLF-60SX-LPE1-NBLE36.|DIMENSIONS: |Width: 84""|Depth: 48""|Height: 29""|FEATURES: |Top: Bulb media top with HPL top. |Edge: Flat square edge - finish to match the top. |Medial Wall: Fabric media wall with table attached for standard height. |TV Wall Mount Bracket: Include mounting hardware and conforms to tv displays. The bracket shall be attached to Media Wall Fabric Panel. |Leg/Base: Attached bases (2 legs) in standard height with media wall. Provide glides for hard floors. |Power/Data: Provide one (1) standard plug power (surface mounted). The unit shall include two (3) power outlets, one (1) USB-A port, one (2) USB-C port, a network jack, HDMI, and wire charging. The power module shall be centered along the depth of the table.|Wire Management : Include PET undersurface wire management tray.",,,,,,3,Phantom Ecru - Allsteel|Fossil - Allsteel|Noble-Monarch - Allsteel
14057553,TA-3660C,ADMIX,https://content.designerpages.com/assets/82414955/AllsteelAdmixtelescopinglegs.png,2025-12-09 18:40:28 UTC,,http://designerpages.com/manufacturers/allsteel-inc,Allsteel,TABLE - ACTIVITY,,,Rounded rectangular counter height table with HPL top and telescoping legs. ,"Top Model #: ATLADM-TMRREC-3660F-X-LNU1-NU-GN.
|Base Model #: ATLADM-BMTGM3660C-P28-WHB.|DIMENSIONS: |Width: 60""|Depth: 36""|Height: 36""|FEATURES: |Top: Rectangular top with HPL finish. |Edge: Flat square edge - finish to match the top. |Base: Counter-height telescoping legs with painted metal finish.
Wheelbarrow Black (2 Glides + 2 Casters Black) -WHB.|Power/Data: No power/data. ",,,,,,6,Neo Walnut - Allsteel|Fossil - Allsteel
14057562,TA-3660S,ADMIX,https://content.designerpages.com/assets/82414984/AllsteelAdmixtelescopinglegs.png,2025-12-09 18:40:29 UTC,,http://designerpages.com/manufacturers/allsteel-inc,Allsteel,TABLE - ACTIVITY,,,Rounded rectangular seated height table with HPL top and telescoping legs. ,"Top Model #: ATLADM-TMRREC-3660F-X-LNU-1-NU-GN.
|Base Model #: ATLADM-BMTGM3660S-P28-WHB.|DIMENSIONS: |Width: 60""|Depth: 36""|Height: 29""|FEATURES: |Top: Rounded rectangular top with HPL finish.|Edge: Flat square edge - finish to match the top. |Base: Seated-height telescoping legs with painted metal finish.
Wheelbarrow Black (2 Glides + 2 Casters Black) - WHB.",,,,,,5,Neo Walnut - Allsteel|Fossil - Allsteel
14057565,TA-3672S,ADMIX,https://content.designerpages.com/assets/82414993/AllsteelAdmixtelescopinglegs.png,2025-12-09 18:40:30 UTC,,http://designerpages.com/manufacturers/allsteel-inc,Allsteel,TABLE - ACTIVITY,,,Rounded rectangular seated height table with HPL top and telescoping legs.,"Top Model #: ATLADM-TMRREC-3672F-X-LNU1-NU-GN.
|Base Model #: ATLADM-BMTGM3672S-P28-WHB.|DIMENSIONS: |Width: 72""|Depth: 36""|Height: 29""|FEATURES: |Top: Rounded rectangular top with HPL finish.|Edge: Flat square edge - finish to match the top. |Base: Seated-height telescoping legs with painted metal finish.
Wheelbarrow Black (2 Glides + 2 Casters Black) - WHB.|Power/Data: No power/data. ",,,,,,2,Neo Walnut - Allsteel|Fossil - Allsteel
14057566,TA-3684S,ADMIX,https://content.designerpages.com/assets/82414997/AllsteelAdmixtelescopinglegs.png,2025-12-09 18:40:30 UTC,,http://designerpages.com/manufacturers/allsteel-inc,Allsteel,TABLE - ACTIVITY,,,Rounded rectangular seated height table with HPL top and telescoping legs. ,"Top Model #: ATLADM-TMRREC-3684F-X-LNU1-NU-GN.
|Base Model #: ATLADM-BMTGM3684S-P28-WHB.|DIMENSIONS: |Width: 84""|Depth: 36""|Height: 29""|FEATURES: |Top: Rounded rectangular top with HPL finish.|Edge: Flat square edge - finish to match the top. |Base: Seated-height telescoping legs with painted metal finish.
Wheelbarrow Black (2 Glides + 2 Casters Black) - WHB.|Power/Data: No power/data. ",,,,,,12,Neo Walnut - Allsteel|Fossil - Allsteel
14057558,TA-3696C,ADMIX,https://content.designerpages.com/assets/82415093/AllsteelAdmixtelescopinglegscounterheight.png,2025-12-09 18:40:31 UTC,,http://designerpages.com/manufacturers/allsteel-inc,Allsteel,TABLE - ACTIVITY,,,Rounded rectangular counter height table with HPL top and telescoping legs. ,"Top Model #: ATLADM-TMRREC-3696F-X-LNU1-NU-GN.
|Base Model #: ATLADM-BMTGM3696C-P28-WHB.|DIMENSIONS: |Width: 36""|Depth: 96""|Height: 36""|FEATURES: |Top: Rounded rectangular top with HPL finish.|Edge: Flat square edge - finish to match the top. |Base: Counter-height telescoping legs with painted metal finish. 
Wheelbarrow Black (2 Glides + 2 Casters Black) - WHB.|Power/Data: No power/data. ",,,,,,2,Neo Walnut - Allsteel|Fossil - Allsteel
14057519,TA-60,STRUCTURE,https://content.designerpages.com/assets/82414945/AllsteelStructureregtangletable.png,2025-12-09 18:40:32 UTC,,http://designerpages.com/manufacturers/allsteel-inc,Allsteel,TABLE - ACTIVITY,,,Rounded rectangular table with HPL top and pedestal base. ,"Top Model #: AMPTLF3660RE-LNU1-NU-GN.
|Base Model #: AMPTPS29M-P28-GLD.|DIMENSIONS: |Width: 60""|Depth: 36""|Height: 29""|FEATURES: |Top: Rounded rectangular top with HPL finish.|Edge: Flat square edge - finish to match the top. |Base: Medium seated-height square pedestal base with glides for hard flooring.|Power/Data: No power/Data.",,,,,,6,Neo Walnut - Allsteel|Fossil - Allsteel
14057509,TA-84,STRUCTURE,https://content.designerpages.com/assets/82414935/AllsteelStructureregtangletable.png,2025-12-09 18:40:32 UTC,,http://designerpages.com/manufacturers/allsteel-inc,Allsteel,TABLE - ACTIVITY,,,Rounded rectangular table with HPL top and pedestal base. ,"Top Model #: AMPTLF3648RE-LNU1-NU-GN.
|Base Model #: AMPTPS29M-P28-GLD.|DIMENSIONS: |Width: 84""|Depth: 36""|Height: 29""|FEATURES: |Top: Rounded rectangular top with HPL finish.|Edge: Flat square edge - finish to match the top. |Base: Medium seated-height square pedestal base with glides for hard flooring.|Power/Data: No power/data. ",,,,,,6,Neo Walnut - Allsteel|Fossil - Allsteel
14057629,TC-1,DOCK,https://content.designerpages.com/assets/82415121/KimballDockconftablemetalbaseV.1.png,2025-12-09 18:40:33 UTC,,http://designerpages.com/manufacturers/kimball-international,Kimball International,TABLE – CONFERENCE,,,Soft rectangular conference table with metal base and power modules. ,"Table Top Model #: 74K48144SRT.|Base Model #: 74K2711028CFYL.|Power Model #: KCU0810ELPDCPC.|Cable Management Model #: 74K0218VCMP.|TABLE TOP DIMENSIONS: |Width: 144""|Depth: 48""|Height: 1 3/16""|BASE DIMENSIONS: |Width: 110""|Depth: 27""|Height: 28""|FEATURES: |Top: Soft rectangular top in HPL. Grain direction on two and three pieces woodgrain laminate tops runs with the width. |Edge: Self-edge rim (J) - finish to match the top. |Base: Painted Metal single column Blade Y bases. Include glides for carpet floors. |Power Module: (2) M2X Dual Retractable Power Centers, with (3) power outlets, (2) USB-A, (2) USB-C, network jack, and HDMI. The modules shall be located inside left & right. |Cable Management: Include metal Vertical Cable Managers.",,,,,,1,Tuscan - Kimball International|Graphite - Kimball International
14057631,TC-2a,DOCK,https://content.designerpages.com/assets/82415123/KimballDockconftablemetalbaseV.1.png,2025-12-22 17:54:22 UTC,,http://designerpages.com/manufacturers/kimball-international,Kimball International,TABLE – CONFERENCE,,,Soft rectangular conference table with metal base and power modules.,"Table Top Model #: 74K48120SRT1P.|Base Model #: 74K279828CFYL.|Power Model #: KCU0810ELPDCPC.|Cable Management Model #: 74K0218VCMP.|TABLE TOP DIMENSIONS: |Width: 120""|Depth: 48""|Height: 1 3/16""|BASE DIMENSIONS: |Width: 98""|Depth: 27""|Height: 28""|FEATURES: |Top: Soft rectangular top in HPL. Grain direction on two and three pieces woodgrain laminate tops runs with the width. |Edge: Self-edge rim (J) - finish to match the top. |Base: Painted Metal single column Blade Y bases. Include glides for carpet floors. |Power Module: (2) M2X Dual Retractable Power Centers, with (3) power outlets, (2) USB-A, (2) USB-C, network jack, and HDMI. The modules shall be located inside left & right. |Cable Management: Include Metal Vertical Cable Managers.",,,,,,1,Tuscan - Kimball International|Graphite - Kimball International
14057632,TC-2b,DOCK,https://content.designerpages.com/assets/82415124/KimballDockconftablemetalbaseV.1.png,2025-12-09 18:40:34 UTC,,http://designerpages.com/manufacturers/kimball-international,Kimball International,TABLE – CONFERENCE,,,Soft rectangular conference table with metal base and power modules.,"Table Top Model #: 74K48120SRT1P|Base Model #: 74K279828CFYL|Power Model #: KCU0810ELPDCPC.|Cable Management Model #: 74K0218VCMP.|TABLE TOP DIMENSIONS: |Width: 120""|Depth: 48""|Height: 1 3/16""|BASE DIMENSIONS: |Width: 98""|Depth: 27""|Height: 27 3/4""|FEATURES: |Top: Soft rectangular top in HPL. Grain direction on two and three pieces woodgrain laminate tops runs with the width. |Edge: Self-edge rim (J) - finish to match the top. |Base: Painted Metal single column Blade Y bases. Include glides for carpet floors. |Power Module: (2) M2X Dual Retractable Power Centers, with (3) power outlets, (2) USB-A, (2) USB-C, network jack, and HDMI. The modules shall be located inside left & right. |Cable Management: Include metal Vertical Cable Managers.",,,,,,1,Driftwood - Kimball International|Graphite - Kimball International
14057627,TC-3,DOCK,https://content.designerpages.com/assets/82415110/KimballDockconftablepanelbase.png,2025-12-09 18:40:34 UTC,,http://designerpages.com/manufacturers/kimball-international,Kimball International,TABLE – CONFERENCE,,,Racetrack conference table top with rectangular base and power modules.,"Table Top Model #: 74K48144RC.|Base Model #: 74K2410228B.|Power Model #: KCU0810ELPDCPC.|Cable Management Model #: 75K56WSSR.|DIMENSIONS: |Width: 144""|Depth: 48""|Height: 1 3/16""|BASE DIMENSIONS: |Width: 102""|Depth: 26""|Height: 28""|FEATURES: |Top: Racetrack top in HPL. Grain direction on two and three pieces woodgrain laminate tops runs with the width. |Edge: Self-edge rim (J) - finish to match the top. |Base: Rectangular beam base with plain HPL end caps to match the tabletop. Include glides for carpet floors.|Power Module: (3) M2X Dual Retractable Power Centers. with (3) power outlets, (2) USB-A, (2) USB-C, network jack, and HDMI. The modules shall be located inside left, right, and center of the table. |Cable Management: Include undersurface cable manager (rail).",,,,,,1,Tuscan - Kimball International
14057664,TC-4,TRIBUTAIRE,https://content.designerpages.com/assets/82416086/KITributaireboattablewarmgreyedge.png,2025-12-23 20:50:21 UTC,,http://designerpages.com/manufacturers/ki,KI,TABLE – CONFERENCE,,,Boat shape table with painted metal base.,"Model #: TJBAT48120-74P-LWL-NCH-WG-GLP-NNN.|DIMENSIONS: |Width: 120""|Depth: 48""|Height: 29""|FEATURES: |Top: HPL boat shape top. |Edge: 74P edge - finish to match the top. |Base: Painted metal with lower profile glides for hard floors. |Power Module: No power module.",,,,,,2,White Nebula - KI|Warm Grey - KI
14057664,TC-5,TRIBUTAIRE,https://content.designerpages.com/assets/82416086/KITributaireboattablewarmgreyedge.png,2025-12-09 18:40:35 UTC,,http://designerpages.com/manufacturers/ki,KI,TABLE – CONFERENCE,,,Boat shape table with painted metal base with power modules. ,"Model #: TJBAT48120-74P-LWL-NCH-WG-GLP-MA1-9.|DIMENSIONS: |Width: 120""|Depth: 48""|Height: 29""|FEATURES: |Top: HPL boat shape top. |Edge: 74P edge - finish to match the top. |Base: Painted metal with lower profile glides for hard floors. |Power Module: (2) Nacre Pop-Up module with 2 power outlets, USB-A/C. Power modules shall be located on each end of table. ",,,,,,1,White Nebula - KI|Warm Grey - KI
14057633,TC-6,DOCK,https://content.designerpages.com/assets/82415126/KimballDockconftablemetalbaseV.1.png,2025-12-09 18:40:36 UTC,,http://designerpages.com/manufacturers/kimball-international,Kimball International,TABLE – CONFERENCE,,,Soft rectangular conference table with metal base and power modules. ,"Table Top Model #: 74K4896SRT.|Base Model #: 74K276428CFYL.|Power Model #: KCU0810ELPDCPC.|Cable Management Model #: 74K0218VCMP.|TABLE TOP DIMENSIONS: |Width: 96""|Depth: 48""|Height: 1 3/16""|BASE DIMENSIONS: |Width: 64""|Depth: 27""|Height: 27.75""|FEATURES: |Top: Soft rectangular top in HPL. Grain direction on two and three pieces woodgrain laminate tops runs with the width. |Edge: Self-edge rim (J) - finish to match the top. |Base: Painted Metal single column Blade Y bases. Include glides for carpet floors. |Power Module: (2) M2X Dual Retractable Power Centers, with (3) power outlets, (2) USB-A, (2) USB-C, network jack, and HDMI. The modules shall be located inside left & right. Include metal Vertical Cable Managers.|Cable Management: Include metal Vertical Cable Managers.",,,,,,1,Tuscan - Kimball International|Graphite - Kimball International
14054261,TCAF-2,MTS SERIES,https://content.designerpages.com/assets/82417009/VircoMTSSeriessquaretableADA.png,2025-12-09 18:40:36 UTC,,http://designerpages.com/manufacturers/virco-2,Virco,TABLE - CAFETERIA,,,"Mobile stool table with built-in seating for 12, ADA-Compliant. ","Model #: MTS19311012WAE.|DIMENSIONS: |Width: 126""|Depth: 29.75""|Height: 31""|FEATURES: |Top: HPL top. |Seat: Soft Plastic.|Edge: Urethane-based sure edge.|Frame/Leg: Tubular steel frame with heavy duty wheel and glides for hard floors. |Mechanisms.: Up-and down-lock mechanism with Torsion bars for smooth operation. Include opening and closing safety device. ",,,,,,8,Asian Sand - Virco|Char Black - Virco|Black - Virco|Chrome - Virco
14058433,TCAF-3,MT SERIES,https://content.designerpages.com/assets/82419733/VircoMTSeriesMobileTablerectangulardiningtable.png,2025-12-09 18:40:37 UTC,,http://designerpages.com/manufacturers/virco-2,Virco,TABLE - CAFETERIA,,,Rectangular mobile table with HPL top and chrome base.,"Model #: TABLE-MT3096-MPL008BLK01-CHRM.|DIMENSIONS: |Width: 96""|Depth: 30""|Height: 29""|FEATURES: |Top: HPL top. |Edge: Urethane-based sure edge.|Frame/Leg: Tubular steel frame with heavy duty wheel and glides for hard floors. |Mechanisms: Up-and down-lock mechanism with Torsion bars for smooth operation. Include opening and closing safety device. ",,,,,,15,Asian Sand - Virco|Char Black - Virco|Chrome - Virco
14057636,TG-1,DOCK,https://content.designerpages.com/assets/82416360/TGKimballDock.PNG,2025-12-09 18:40:38 UTC,,http://designerpages.com/manufacturers/kimball-international,Kimball International,TABLE - GUEST,,,Round meeting table with metal X base on glides. ,"Table Top Model #: 74K36RD.|Base Model #: 74K3228CFX.|DIMENSIONS: |Diameter: 36""|Height: 1 3/16""|FEATURES: |Top: Round top in HPL. |Edge: Self-edge rim (J) - finish to match the top. |Base: Painted metal blade X base. Include glide for carpet floors. |Power/Data: No power and data. ",,,,,,8,Tuscan - Kimball International|Graphite - Kimball International
14057651,TG-2,DOCK,https://content.designerpages.com/assets/82415170/TGKimballDockwithCasters.jpg,2025-12-23 19:39:52 UTC,,http://designerpages.com/manufacturers/kimball-international,Kimball International,TABLE - GUEST,,,Round meeting table with metal X base on casters.,"Table Top Model #: 74K36RD.|Base Model #: 74K3228CFXM.|TABLE TOP DIMENSIONS: |Diameter: 36""|Height: 1 3/16""|FEATURES: |Top: Round top in HPL. |Edge: Self-edge rim (J) - finish to match the top. |Base: Painted metal Blade X base on casters.  ",,,,,,12,Tuscan - Kimball International|Graphite - Kimball International
14057635,TG-3,DOCK,https://content.designerpages.com/assets/82415132/KimballDockconftablemetalbaseV.1.png,2025-12-09 18:40:39 UTC,,http://designerpages.com/manufacturers/kimball-international,Kimball International,TABLE - GUEST,,,Soft rectangular table with metal base and power modules. ,"Table Top Model #: 74K4272SRT.|Base Model #: 74K275828CFYL.|Power Model #: KCU0810ELPDCPC.|Cable Management Model #: 74K0218VCMP.|TABLE TOP DIMENSIONS: |Width: 72""|Depth: 42""|Height: 1 3/16""|BASE DIMENSIONS: |Width: |Depth: |Height: |FEATURES: |Top: Soft rectangular top in HPL. Grain direction on two and three pieces woodgrain laminate tops runs with the width. |Edge: Self-edge rim (J) - finish to match the top. |Base: Painted Metal single column Blade Y bases. Include glides for carpet floors. |Power Module: (2) M2X Dual Retractable Power Centers, with (3) power outlets, (2) USB-A, (2) USB-C, network jack, and HDMI. The modules shall be located inside left & right. |Cable Management: Include metal Vertical Cable Managers.",,,,,,2,Tuscan - Kimball International|Graphite - Kimball International
14059173,T-LEC,TRIBUTAIRE,https://content.designerpages.com/assets/82423492/KITributairelecternnostorage.png,2025-12-09 18:40:39 UTC,,http://designerpages.com/manufacturers/ki,KI,LECTERN,,,"Pneumatic height adjustable lectern with felt modesty panel on casters, no storage.","Model #: TJLPN1922-EWG-LWL-NCH-WG-C-CWG-NNN-PMP-FTHR.|DIMENSIONS: |Width: 22""|Depth: 19""|Height: 34""-48""|FEATURES: |Top: HPL top with toolless articulating top allows for top to be angled or flat. |Base: Painted metal pneumatic adjustable base.|Modesty Panel: PET Felt. |Casters: Warm Grey casters. |Storage: No storage cabinet. ",,,,,,11,White Nebula - KI|Warm Grey - KI|Heather - KI
14059176,TM-1,TRIBUTAIRE,https://content.designerpages.com/assets/82423497/KITributairerectangulartable.png,2025-12-09 18:40:40 UTC,,http://designerpages.com/manufacturers/ki,KI,TABLE - MODULAR,,,Rectangular nesting table with painted metal legs and casters.,"Model #: TJHLA2460-74P-EWG-LWL-NCH-C-NNN-NMP.|DIMENSIONS: |Width: 60""|Depth: 24""|Height: 29""|FEATURES: |Top: Rectangular flip top nesting table in HPL finish. |Edge: 74P edge.|Base: Painted metal base with casters. |Ganging Mechanism: Include ganging kits. ",,,,,,240,White Nebula - KI|Warm Grey - KI
14059180,TM-2,TRIBUTAIRE,https://content.designerpages.com/assets/82423502/KITributairerectangulartablemodestypanel.png,2025-12-09 18:40:41 UTC,,http://designerpages.com/manufacturers/ki,KI,TABLE - MODULAR,,,"Rectangular fixed top table with modesty panel and painted metal legs, on casters. ","Model #: TJHAA2460-74P-EWG-LWL-NCH-NNN-PMP.|DIMENSIONS: |Width: 60""|Depth: 24""|Height: 29""|FEATURES: |Top: Rectangular fixed top table in HPL finish. |Edge: 74P edge.|Base: Painted metal base with casters. |Modesty Panel: PET Felt. |Ganging Mechanism: Include ganging kits. ",,,,,,32,White Nebula - KI|Warm Grey - KI|Heather - KI
14059182,TR-42,STRUCTURE,https://content.designerpages.com/assets/82423506/AllsteelStructureroundtable.png,2025-12-09 18:40:41 UTC,,http://designerpages.com/manufacturers/allsteel-inc,Allsteel,TABLE - ROUND,,,Round top table with a round pedestal base.,"Top Model #: AMPTLFPO42RND-LNU1-NU-C0.|Base Model #: AMPTPR29L-P28.|DIMENSIONS: |Diameter: 42""|Height: 29"" (Seated Height).|FEATURES: |Top: Round top with HPL finish. |Edge: Flat edge - finish to match the top. |Base: Large round pedestal base at seated height with powder-coated finish. ",,,,,,17,Neo Walnut - Allsteel|Fossil - Allsteel
14061296,TRE-1,NEOCAST,https://content.designerpages.com/assets/82432934/FurniturelabNeocastsquare.png,2025-12-09 18:40:42 UTC,,http://designerpages.com/manufacturers/furniturelab,FurnitureLab,TABLE - SPECIAL,,,Square HPL top with metal column X base. ,"Model #: Custom.|DIMENSIONS: |Width: 30""|Depth: 30""|Height: 28.5""|FEATURES: |Top: NeoCast laminate table top.|Edge: Small flat eased urethane edge .|Base: Galaxy table base: 15"" spider size, 3"" column size. Include Super leveler glide.",,,,,,40,Pinnacle Walnut - FurnitureLab|Graphite - FurnitureLab|Black Wrinkle - FurnitureLab
14061297,TRE-2,NEOCAST,https://content.designerpages.com/assets/82432935/FurniturelabNeocastround.png,2025-12-09 18:40:42 UTC,,http://designerpages.com/manufacturers/furniturelab,FurnitureLab,TABLE - SPECIAL,,,Round HPL top with metal column X base. ,"Model #: Custom.|DIMENSIONS: |Diameter: 48""|Height: 28.5""|FEATURES: |Top: Neocast laminate table top. |Edge: Full bull nose urethane edge. |Base: Galaxy table base: 15"" spider size, 4"" column size. Include Super leveler glide. ",,,,,,2,Pinnacle Walnut - FurnitureLab|Graphite - FurnitureLab|Black Wrinkle - FurnitureLab
14054272,TSCI-1,MAKERSPACE,https://content.designerpages.com/assets/82415108/AlumiMakerspace.png,2025-12-09 18:40:43 UTC,,http://designerpages.com/manufacturers/alumni-educational-solutions,Alumni Educational Solutions,TABLE - SPECIAL,,,Counter-height table with custom phenolic top.,"Model #: Custom.|DIMENSIONS: |Width: 60""|Depth: 30""|Height: 36""|FEATURES: |Top: Custom phenolic.|Frame: Fully welded mounting plate with integrated cord trough, attached to four 2"" × 2"" steel legs; fixed height with powder-coated finish.|Casters: 4"" Gray Single Wheel Locking",,,,,,96,Greige - Panolam Surface Systems|Black - Alumni Educational Solutions
14057488,TSCI-2,MAKERSPACE,https://content.designerpages.com/assets/82414862/AlumiMakerspace.png,2025-12-09 18:40:44 UTC,,http://designerpages.com/manufacturers/alumni-educational-solutions,Alumni Educational Solutions,TABLE - SPECIAL,,,Seated-height table with custom phenolic top.,"Model #: Custom.|DIMENSIONS: |Width: 60""|Depth: 30""|Height: 29""|FEATURES: |Top: Custom Phenolic.|Frame: Fully welded mounting plate with integrated cord trough, attached to four 2"" × 2"" steel legs; fixed height with powder-coated finish.|Casters: 4"" Gray Single Wheel Locking.",,,,,,8,Greige - Panolam Surface Systems|Black - Alumni Educational Solutions
14057549,TTC-1,STRUCTURE,https://content.designerpages.com/assets/82414949/AllsteelStructureroundtable.png,2025-12-09 18:40:45 UTC,,http://designerpages.com/manufacturers/allsteel-inc,Allsteel,TABLE - OCCASIONAL - COFFEE,,,Round top table with a round pedestal base.,"Top Model #: AMPTLFPO36RND-LNU1-NU-C0.
|Base Model #: AMPTPR26M-P28.|DIMENSIONS: |Diameter: 36""|Height: 27"" (Continental Height).|FEATURES: |Top: Round top with HPL finish. |Edge: Flat Edge - finish to match the top.|Base: Medium round pedestal base at continental height with powder-coated finish. Include glides for carpet floors.",,,,,,6,Neo Walnut - Allsteel|Fossil - Allsteel
14057550,TTC-2,STRUCTURE,https://content.designerpages.com/assets/82414950/AllsteelStructureoccroundtable.png,2025-12-09 18:40:45 UTC,,http://designerpages.com/manufacturers/allsteel-inc,Allsteel,TABLE - OCCASIONAL - COFFEE,,,Round top table with a round pedestal base,"Top Model #: AMPTLFPO24RND-LNU1-NU-C0.|Base Model #: AMPTPR26M-P28.|DIMENSIONS: |Diameter: 24""|Height: 27"" (Continental Height).|FEATURES: |Top: Round top with HPL finish. |Edge: Flat Edge - finish to match the top|Base: Medium round pedestal base at continental height with powder-coated finish. Include glides for hard floors.",,,,,,4,Neo Walnut - Allsteel|Fossil - Allsteel
14057517,TTC-3,STRUCTURE,https://content.designerpages.com/assets/82414943/AllsteelStructureoccdiamondtable.png,2025-12-09 18:40:46 UTC,,http://designerpages.com/manufacturers/allsteel-inc,Allsteel,TABLE - OCCASIONAL - COFFEE,,,Small diamond top table with a square pedestal base.,"Top Model #: AMPTLF3050DIA-LNU1-NU-C0.
|Base Model #: AMPTPS26L-P28.|DIMENSIONS: |Width: 50""|Depth: 30""|Height: 27"" (Continental Height).|FEATURES: |Top: HPL top. Woodgrain laminate to be oriented with grain direction running parallel to the length of the tabletop.|Edge: Flat Edge - finish to match the top.|Base: Large square pedestal base at continental height with powder-coated finish. Include glides for carpet floors. ",,,,,,2,Neo Walnut - Allsteel|Fossil - Allsteel
14057501,TTL-1,C-TABLE,https://content.designerpages.com/assets/82414922/KICtablelaptoptable.png,2025-12-09 18:40:46 UTC,,http://designerpages.com/manufacturers/ki,KI,TABLE - OCCASIONAL - LAPTOP,,,Round laptop table.,"Model #: CTABLE-73P-LWL-WG.|DIMENSIONS: |Tabletop Diameter: 18""|Base Diameter: 15.5""|Height: 27"" (Fixed Height)|FEATURES: |Top: HPL top. |Edge: Flat Edge - finish to match the top|Base: Single column base in powder coat finish. Include glides for hard floors. ",,,,,,23,White Nebula - KI|Warm Grey - KI
14057616,TTL-2,C-TABLE MAX,https://content.designerpages.com/assets/82415082/KICtableMaxlaptoptable.png,2025-12-09 18:40:47 UTC,,http://designerpages.com/manufacturers/ki,KI,TABLE - OCCASIONAL - LAPTOP,,,Small rectangle laptop table.,"Model #: CMDGA2026-73P-LWL-WG.|DIMENSIONS: |Tabletop Width: 26""|Tabletop Depth: 20""|Overall Height: 26"" (Fixed height).|Base Diameter: 19.75""|FEATURES: |Top: HPL top. |Edge: Flat Edge - finish to match the top. Include glides for hard floors. |Base: Two column base in powder coat finish",,,,,,3,White Nebula - KI|Warm Grey - KI
14057551,TTS-1,STRUCTURE,https://content.designerpages.com/assets/82414951/AllsteelStructureoccroundtable.png,2025-12-09 18:40:48 UTC,,http://designerpages.com/manufacturers/allsteel-inc,Allsteel,TABLE - OCCASIONAL - SIDE,,,Round top table with a round pedestal base,"Top Model #: AMPTLFPO24RND-LNU1-NU-C0.
|Base Model #: AMPTPR18M-P28.|DIMENSIONS: |Diameter: 24""|Height: 18"" (Occasional Height).|FEATURES: |Top: HPL top. Woodgrain laminate to be oriented with grain direction running parallel to the length of the tabletop.|Edge: Flat Edge - finish to match the top|Base: Medium round pedestal base at continental height with powder-coated finish. Include glides for hard floors.",,,,,,5,Neo Walnut - Allsteel|Fossil - Allsteel
14057012,TTS-2,X&O,https://content.designerpages.com/assets/82413289/OFSXOocctable.png,2025-12-09 18:40:48 UTC,,http://designerpages.com/manufacturers/ofs-carolina,"Carolina, an OFS Company",TABLE - OCCASIONAL - SIDE,,,Round occasional laminate drum table.,"Model #: 810-24RDT-20|DIMENSIONS: |Width: 24""|Height: 20""|FEATURES: |Top & Case : Laminate|Base: 3"" Plinth Base ",,,,,,2,Peak - OFS|Slate Grey - OFS
14070304,TZ-1,Brainstorm Workbench,https://content.designerpages.com/assets/82462363/TZ1CEFBrainstormworkbench.jpg,2025-12-09 18:40:49 UTC,,http://designerpages.com/manufacturers/cef-custom-educational-furnishings,CEF - Custom Educational Furnishings,TABLE - SPECIAL,,,Laminate table with metal legs and robotics bumper kit.,"DIMENSIONS: |Width: 72""|Depth: 42""|Height: 34""|FEATURES: |Top: Plastic Laminate |Base: Metal|Options: Include Robotics Bumper Kit",,,,,,8,Northsea Grey - CEF - Custom Educational Furnishings|Silver - CEF - Custom Educational Furnishings
14061180,TZ-2,STOUT,https://content.designerpages.com/assets/82432677/KISTOUTtable.png,2025-12-09 18:40:50 UTC,,http://designerpages.com/manufacturers/ki,KI,TABLE - SPECIAL,,,Height adjustable rectangular table with HPL top and painted metal post-leg with footrest. ,"Model #: SUEFA4872-74P-EWG-LWL-NPB-WG-SFT-GNY-NNN-NB.|DIMENSIONS: |Width: 72""|Depth: 48""|Height: 27""-40"".|FEATURES: |Top: Rectangular top in HPL.|Edge: 74P edge.|Base/Frame: Height-adjustable painted metal post-leg with single footrest; include glides suitable for hard flooring.|Power/Data: No power/data. ",,,,,,1,White Nebula - KI|Warm Grey - KI|Warm Grey - KI
14061031,YOFF-01,WAVEWORKS,https://content.designerpages.com/assets/82458384/YOFF1.png,2025-12-09 18:40:50 UTC,,http://designerpages.com/manufacturers/national-office-furniutre,National by Kimball International,OFFICE,,,"Typical private office furniture assembly to include U-shaped desk top, return worksurface, overhead cabinet, undersurface pedestal, wardrobe, and fabric wrapped panel. ",Model #: Custom.|DIMENSIONS: |Dimensions: SEE F2 SERIES DRAWINGS FOR EXACT DIMENSIONS AND CONFIGURATION.|FEATURES: |Casegoods: Plastic Laminate.|Metal Elements & Hardware: Painted metal.|Panel: Fabric wrapped.,,,,,,3,Tuscan - Kimball International|Graphite - Kimball International|Mist - Maharam
14061144,YOFF-02,WAVEWORKS,https://content.designerpages.com/assets/82458385/YOFF2.png,2025-12-09 18:40:51 UTC,,http://designerpages.com/manufacturers/national-office-furniutre,National by Kimball International,OFFICE,,,"Typical private office furniture assembly to include U-shaped desk top, return worksurface, overhead cabinet, undersurface pedestal, wardrobe, and fabric wrapped panel. ",Model #: Custom.|DIMENSIONS: |Dimensions: SEE F2 SERIES DRAWINGS FOR EXACT DIMENSIONS AND CONFIGURATION.|FEATURES: |Casegoods: Plastic Laminate.|Metal Elements & Hardware: Painted metal.|Panel: Fabric wrapped.,,,,,,6,Tuscan - Kimball International|Graphite - Kimball International|Mist - Maharam
14061149,YOFF-03,WAVEWORKS,https://content.designerpages.com/assets/82458386/YOFF3.png,2025-12-09 18:40:51 UTC,,http://designerpages.com/manufacturers/national-office-furniutre,National by Kimball International,OFFICE,,,"Typical private office furniture assembly to include U-shaped desk top, return worksurface, overhead cabinet, undersurface pedestal, and fabric wrapped panel. ",Model #: Custom.|DIMENSIONS: |Dimensions: SEE F2 SERIES DRAWINGS FOR EXACT DIMENSIONS AND CONFIGURATION.|FEATURES: |Casegoods: Plastic Laminate.|Metal Elements & Hardware: Painted metal.|Panel: Fabric wrapped.,,,,,,4,Tuscan - Kimball International|Graphite - Kimball International|Mist - Maharam
14061151,YOFF-04,WAVEWORKS,https://content.designerpages.com/assets/82458387/YOFF4.png,2025-12-09 18:40:51 UTC,,http://designerpages.com/manufacturers/national-office-furniutre,National by Kimball International,OFFICE,,,"A L-configuration office furniture assembly to include rectangular desk top, return worksurface, and undersurface pedestal.",Model #: Custom.|DIMENSIONS: |Dimensions: SEE F2 SERIES DRAWINGS FOR EXACT DIMENSIONS AND CONFIGURATION.|FEATURES: |Casegoods: Plastic Laminate.|Metal Elements & Hardware: Painted metal.|Panel: Fabric wrapped.,,,,,,2,Tuscan - Kimball International|Graphite - Kimball International|Mist - Maharam
14061152,YOFF-05,WAVEWORKS,https://content.designerpages.com/assets/82458388/YOFF5.png,2025-12-09 18:40:52 UTC,,http://designerpages.com/manufacturers/national-office-furniutre,National by Kimball International,OFFICE,,,"Typical private office furniture assembly to include rectangular desk top, overhead cabinet, undersurface pedestal, and fabric wrapped panel. ",Model #: Custom.|DIMENSIONS: |Dimensions: SEE F2 SERIES DRAWINGS FOR EXACT DIMENSIONS AND CONFIGURATION.|FEATURES: |Casegoods: Plastic Laminate.|Metal Elements & Hardware: Painted metal.|Panel: Fabric wrapped.,,,,,,9,Tuscan - Kimball International|Graphite - Kimball International|Mist - Maharam
14061153,YOFF-06,WAVEWORKS,https://content.designerpages.com/assets/82458389/YOFF6.png,2025-12-09 18:40:52 UTC,,http://designerpages.com/manufacturers/national-office-furniutre,National by Kimball International,OFFICE,,,"Typical private office furniture assembly to include rectangular desk top, overhead cabinet, undersurface pedestal, and fabric wrapped panel. ",Model #: Custom.|DIMENSIONS: |Dimensions: SEE F2 SERIES DRAWINGS FOR EXACT DIMENSIONS AND CONFIGURATION.|FEATURES: |Casegoods: Plastic Laminate.|Metal Elements & Hardware: Painted metal.|Panel: Fabric wrapped.,,,,,,1,Tuscan - Kimball International|Graphite - Kimball International|Mist - Maharam
14061154,YOFF-07,WAVEWORKS,https://content.designerpages.com/assets/82458390/YOFF7.png,2025-12-09 18:40:52 UTC,,http://designerpages.com/manufacturers/national-office-furniutre,National by Kimball International,OFFICE,,,"Typical private office furniture assembly to include rectangular desk top, overhead cabinet, undersurface pedestal, wardrobe, and fabric wrapped panel. ",Model #: Custom.|DIMENSIONS: |Dimensions: SEE F2 SERIES DRAWINGS FOR EXACT DIMENSIONS AND CONFIGURATION.|FEATURES: |Casegoods: Plastic Laminate.|Metal Elements & Hardware: Painted metal.|Panel: Fabric wrapped.,,,,,,1,Tuscan - Kimball International|Graphite - Kimball International|Mist - Maharam
14061155,YOFF-08,WAVEWORKS,https://content.designerpages.com/assets/82476098/YOFF8.png,2025-12-16 21:44:17 UTC,,http://designerpages.com/manufacturers/national-office-furniutre,National by Kimball International,OFFICE,,,"Typical private office furniture assembly to include U-shaped desk top, return worksurface, undersurface pedestal, wardrobe, and fabric wrapped panel. ",Model #: Custom.|DIMENSIONS: |Dimensions: SEE F2 SERIES DRAWINGS FOR EXACT DIMENSIONS AND CONFIGURATION.|FEATURES: |Casegoods: Plastic Laminate.|Metal Elements & Hardware: Painted metal.|Panel: Fabric wrapped.,,,,,,1,Tuscan - Kimball International|Graphite - Kimball International|Mist - Maharam
14061156,YOFF-09,WAVEWORKS,https://content.designerpages.com/assets/82458393/YOFF9.png,2025-12-17 20:29:15 UTC,,http://designerpages.com/manufacturers/national-office-furniutre,National by Kimball International,OFFICE,,,"A private office in U-configuration, furniture assembly to include single pedestal with recessed modesty desk, return & back worksurface, overhead cabinet, undersurface lateral file, wardrobe, and fabric wrapped panel. ",Model #: Custom.|DIMENSIONS: |Dimensions: SEE F2 SERIES DRAWINGS FOR EXACT DIMENSIONS AND CONFIGURATION.|FEATURES: |Casegoods: Plastic Laminate.|Metal Elements & Hardware: Painted metal.|Panel: Fabric wrapped.,,,,,,2,Tuscan - Kimball International|Graphite - Kimball International|Mist - Maharam
14061157,YOFF-10,WAVEWORKS,https://content.designerpages.com/assets/82458394/YOFF10.png,2025-12-17 20:29:15 UTC,,http://designerpages.com/manufacturers/national-office-furniutre,National by Kimball International,OFFICE,,,"An L-configuration private office furniture assembly to include single pedestal with recessed modesty desk, return worksurface, overhead cabinet, undersurface pedestal, wardrobe, and fabric wrapped panel. ",Model #: Custom.|DIMENSIONS: |Dimensions: SEE F2 SERIES DRAWINGS FOR EXACT DIMENSIONS AND CONFIGURATION.|FEATURES: |Casegoods: Plastic Laminate.|Metal Elements & Hardware: Painted metal.|Panel: Fabric wrapped.,,,,,,2,Tuscan - Kimball International|Graphite - Kimball International|Mist - Maharam
14061158,YOFF-11,WAVEWORKS,https://content.designerpages.com/assets/82458397/YOFF11.png,2025-12-17 20:29:15 UTC,,http://designerpages.com/manufacturers/national-office-furniutre,National by Kimball International,OFFICE,,,"An L-configuration private office furniture assembly to include single pedestal with recessed modesty desk, return worksurface, overhead cabinet, undersurface pedestal, and fabric wrapped panel. ",Model #: Custom.|DIMENSIONS: |Dimensions: SEE F2 SERIES DRAWINGS FOR EXACT DIMENSIONS AND CONFIGURATION.|FEATURES: |Casegoods: Plastic Laminate.|Metal Elements & Hardware: Painted metal.|Panel: Fabric wrapped.,,,,,,4,Tuscan - Kimball International|Graphite - Kimball International|Mist - Maharam
14061160,YOFF-12,WAVEWORKS,https://content.designerpages.com/assets/82476095/YOFF12.png,2025-12-17 20:29:15 UTC,,http://designerpages.com/manufacturers/national-office-furniutre,National by Kimball International,OFFICE,,,"A private office furniture assembly to include single pedestal-arc top with recessed modesty desk, back worksurface, overhead cabinet, undersurface lateral file, wardrobe, bookcase, and fabric wrapped panel. ",Model #: Custom.|DIMENSIONS: |Dimensions: SEE F2 SERIES DRAWINGS FOR EXACT DIMENSIONS AND CONFIGURATION.|FEATURES: |Casegoods: Plastic Laminate.|Metal Elements & Hardware: Painted metal.|Panel: Fabric wrapped.,,,,,,1,Tuscan - Kimball International|Graphite - Kimball International|Mist - Maharam
14061193,YREC-1,TESSERA,https://content.designerpages.com/assets/82458802/YREC1.png,2025-12-30 20:32:38 UTC,,http://designerpages.com/manufacturers/national-office-furniutre,National by Kimball International,RECEPTION DESK,,,Reception Desk with accent panel and undersurface pedestal. ,Model #: 59N2472DSTFL|DIMENSIONS: |Dimensions: SEE F3 SERIES DRAWINGS FOR EXACT DIMENSIONS AND CONFIGURATION.|FEATURES: |Casegoods: Plastic Laminate.|Metal Elements & Hardware: Painted metal.,,,,,,1,Tuscan - Kimball International|Graphite - Kimball International
14061193,YREC-2,TESSERA,https://content.designerpages.com/assets/82458806/YREC2.png,2025-12-09 18:40:53 UTC,,http://designerpages.com/manufacturers/national-office-furniutre,National by Kimball International,RECEPTION DESK,,,Reception Desk with accent panel and undersurface pedestal. ,Model #: 59N2472DSTFL|DIMENSIONS: |Dimensions: SEE F3 SERIES DRAWINGS FOR EXACT DIMENSIONS AND CONFIGURATION.|FEATURES: |Casegoods: Plastic Laminate.|Metal Elements & Hardware: Painted metal.,,,,,,1,Tuscan - Kimball International|Graphite - Kimball International
14061032,YSH-36,DURECON METAL,https://content.designerpages.com/assets/82432464/YSH36Wallshelvings.png,2025-12-16 21:44:18 UTC,,http://designerpages.com/manufacturers/palmieri-furniture,Palmieri Furniture,SHELVING,,"Shelves to be centered along the wall. Verify during field dimensioning that shelves will not conflict with receptacles at wall.

 Shelves to be connected to each other.

Provide hardware are required. Determine if shelves should be anchored to the wall for safety and/or stability.",Shelving unit consisting of starter and adder units; three-high standard single-face wood bookcase with metal shelving.,"Model #: Custom.|DIMENSIONS: |Overall Unit Width: Approximately 216"".|Overall Unit Depth: 12""|Overall Unit Height: 42""|Bookshelves Width: 36""|Shelf Depth: 11.5""|FEATURES: |Case: Wood veneer. |Shelves: Flat standard painted metal shelves. |Number of Shelves: 2 adjustable shelves. |Number of Openings per unit: 3|Base: Standard wood kickplate - finish to match the case.",,,,,,1,Castle Oak on Oak - Palmieri Furniture|Charcoal - Palmieri Furniture
14061033,YSH-72,DURECON METAL,https://content.designerpages.com/assets/82432465/YSH72Wallshelvings.png,2025-12-09 18:40:54 UTC,,http://designerpages.com/manufacturers/palmieri-furniture,Palmieri Furniture,SHELVING,,"Shelves to be centered along the wall. Verify during field dimensioning that shelves will not conflict with receptacles at wall.

Shelves to be connected to each other.

Provide hardware are required. Determine if shelves should be anchored to the wall for safety and/or stability.",Shelving unit consisting of starter and adder units; five-high standard single-face wood bookcase with metal shelving.,"Model #: Custom.|DIMENSIONS: |Overall Unit Width: Approximately 318"".|Overall Unit Depth: 12""|Overall Unit Height: 72""|Bookshelves Width: 36""|Shelf Depth: 11.5""|FEATURES: |Case: Wood veneer. |Shelves: Flat standard painted metal shelves. |Number of Shelves: 4 adjustable shelves. |Number of Openings per unit: 5|Base: Standard wood kickplate - finish to match the case.",,,,,,1,Castle Oak on Oak - Palmieri Furniture|Charcoal - Palmieri Furniture
14061034,YSH-T,DURECON METAL,https://content.designerpages.com/assets/82432466/YSHT.png,2025-12-09 18:40:53 UTC,,http://designerpages.com/manufacturers/palmieri-furniture,Palmieri Furniture,SHELVING,,"Shelves to be centered along the wall. Verify during field dimensioning that shelves will not conflict with receptacles at wall.

Shelves to be connected to each other.

Provide hardware are required. Determine if shelves should be anchored to the wall for safety and/or stability.","Under-window shelving unit with desk at both ends, consisting of starter and adder units; two (2) high standard single-face wood bookcases with metal shelving.","Model #: Custom.|DIMENSIONS: |Overall Unit Width: Approximately 214"".|Overall Unit Depth: 18"" (with desk).|Overall Unit Height: 32"" (with desk). |Bookshelves Width: 36""|Bookshelves Depth: 12""|Bookshelves Height: 30""|Shelf Depth: 11.5""|FEATURES: |Case: Wood veneer. |Shelves: Flat standard painted metal shelves. |Base: Standard wood kickplate - finish to match the case.",,,,,,2,Castle Oak on Oak - Palmieri Furniture|Charcoal - Palmieri Furniture
14061267,YWS-1,ETARRAN,https://content.designerpages.com/assets/82460479/YWS1.png,2025-12-16 21:44:17 UTC,,http://designerpages.com/manufacturers/kimball-international,Kimball International,WORKSTATION,,,"Workstation to include fixed rectangular desk, overhead cabinet, vertical storage, and system panels. ","Model #: Custom.|DIMENSIONS: |Dimensions: SEE F4 SERIES DRAWINGS FOR EXACT DIMENSIONS AND CONFIGURATION.|FEATURES: |Top/Worksurface: Plastic Laminate.|Vertical Storage: Plastic Laminate.|Overhead Storage: Plastic Laminate |System Panel: Painted metal trims and bases with fabric-wrapped tackable panels, glass top, and power distribution located at the base.|Base/Frame: Painted metal.",,,,,,1,Tuscan - Kimball International|Graphite - Kimball International|Mist - Maharam
14061269,YWS-2,ETARRAN,https://content.designerpages.com/assets/82476107/YWS2.png,2025-12-09 18:40:54 UTC,,http://designerpages.com/manufacturers/kimball-international,Kimball International,WORKSTATION,,,"Workstation to include fixed rectangular desk, overhead cabinet, vertical storage, and system panels. ","Model #: Custom.|DIMENSIONS: |Dimensions: SEE F4 SERIES DRAWINGS FOR EXACT DIMENSIONS AND CONFIGURATION.|FEATURES: |Top/Worksurface: Plastic Laminate.|Vertical Storage: Plastic Laminate.|Overhead Storage: Plastic Laminate.|System Panel: Painted metal trims and bases with fabric-wrapped panels, glass top, and power distribution located at the base.|Base/Frame: Painted Metal.",,,,,,2,Tuscan - Kimball International|Graphite - Kimball International|Mist - Maharam
14061270,YWS-3,ETARRAN,https://content.designerpages.com/assets/82476108/YWS3.png,2025-12-09 18:40:54 UTC,,http://designerpages.com/manufacturers/kimball-international,Kimball International,WORKSTATION,,,"Workstation to include fixed rectangular desk, undersurface pedestal, and system panels. ","Model #: Custom.|DIMENSIONS: |Dimensions: SEE F4 SERIES FOR DRAWINGS FOR EXACT DIMENSIONS AND CONFIGURATION.|FEATURES: |Top/Worksurface: Plastic Laminate.|Undersurface Pedestal: Plastic Laminate.|System Panel: Painted metal trims and bases with fabric-wrapped tackable panels, and power distribution located at the base.|Base/Frame: Painted metal.",,,,,,1,Tuscan - Kimball International|Graphite - Kimball International|Mist - Maharam
14061309,Z-1,WAVEBRAKE,https://content.designerpages.com/assets/82432985/Z1Rubbermaidmopbucket.jpg,2025-12-16 21:44:18 UTC,,http://designerpages.com/manufacturers/rubbermaid-commercial-products-inc,Rubbermaid Commercial Products,EQUIPMENT,,,"44 qt. side press mop bucket with wringer, drain and dirty water bucket. ","Model #: FG618688YEL|DIMENSIONS: |Width: 16.81""|Depth: 23.63""|Height: 19.75""|FEATURES: |Capacity: 44 qt.|Bucket: Plastic. Include matching color dirty water bucket. |Wringer: Integrated handle on wringer. |Base: Foot-pressed drain with casters. ",,,,,,9,Yellow - Rubbermaid